Sample,Fe,Al,Mg,Mn,Si,Ni,Co
1,0.382711209,1.642227992,0.342170456,1.492606641,0.479684809,1.287394383,0.038566651
2,0.801672706,0.988359435,0.345295151,0.790417178,0.289428543,1.167051208,1.376549189
3,0.19874435,0.541828159,0.488353493,0.726549183,1.241701676,0.16333851,0.632329425
4,1.074805006,1.433503634,0.538201623,1.028678948,1.310350919,0.864722094,0.855053059
5,1.148932217,0.349717629,1.077029564,1.323960236,0.288417359,0.520848688,1.216811762
6,1.022372024,0.118004928,0.844220279,1.186932469,0.24623569,0.487589563,1.265379423
7,1.23320119,1.299788928,0.460704583,1.221984719,1.037567413,1.021624501,0.896239782
8,0.40215044,1.543013429,0.71252364,1.25280642,0.36054366,0.708925339,0.654644851
9,0.497509099,1.609352676,0.328464216,1.64929891,0.319588703,1.400658182,0.454062597
10,1.065896654,1.42394998,0.29238283,1.148364165,1.012822969,0.756335419,0.579186129
11,0.590893076,0.49365506,0.354205792,0.687705564,1.432739807,0.157323616,0.501109738
12,1.446994268,0.136253303,1.026784891,1.249472325,0.505074645,0.367116454,1.376807858
13,1.157205546,0.192957434,0.971231065,1.201518626,0.596254106,0.270107947,1.288375105
14,0.358760055,0.20923577,0.748995235,0.553803867,1.143194035,0.345692335,0.509867524
15,0.136105557,1.212613496,0.733795879,1.255889384,0.120761917,1.330925123,0.142742086
16,0.313138964,1.142201029,0.411717667,1.45421983,0.338818863,1.180042468,0.167504645
17,0.420453088,1.343621235,0.457530143,1.37983665,0.538642215,1.13389149,0.33354607
18,1.036793581,0.328629994,0.96585881,1.243793384,0.418413314,0.834810613,1.432466673
19,0.362274664,1.364607342,0.465622856,1.406036517,0.079191713,1.269571221,0.011019136
20,1.336011779,0.387526187,1.041303562,0.982305306,0.501381284,0.384894758,1.368799606
21,1.17339963,1.430432614,0.350344908,1.500660995,1.126756339,0.915443188,0.743929603
22,1.076019224,1.23081184,0.588110469,0.518687161,0.257654631,1.335534254,1.300988935
23,0.511508028,1.380244866,0.525737853,1.018808751,0.195941825,0.745662647,0.761612435
24,0.302392551,0.256654342,0.550426308,0.411804777,1.116952578,0.440317182,0.740216772
25,0.358660557,1.187592372,0.30688611,1.181604708,0.262276407,1.200146438,0.260187818
26,1.281007296,0.226253386,1.072823188,1.360952951,0.29498016,0.544466191,1.349964659
27,0.508415755,0.9172243,0.465773985,0.655875338,0.197639595,1.364189329,1.3628624
28,1.071535057,1.371130544,0.33090639,1.346739082,0.91200558,0.891200272,0.867273029
29,1.124199836,0.061231866,1.166633683,1.324444544,0.5007277,0.490868962,1.386692557
30,1.162787272,0.37354719,0.799729702,1.016546478,0.481760257,0.442199492,1.226667659
31,1.225762438,1.224100813,0.630158514,0.18816452,0.212917233,1.330689443,1.410307365
32,1.365743385,0.234256107,0.961971325,1.169549331,0.352142861,0.59530523,1.364037422
33,0.40968758,1.352664751,0.385002405,1.401408213,0.327502144,1.12181305,0.352546376
34,0.57578083,1.047198029,0.539732406,0.742991074,0.062252156,1.075629054,1.259755904
35,1.109470565,1.41148761,0.373852537,1.326985545,1.269519031,0.96958112,0.861225727
36,0.848801948,1.308167194,0.432922653,0.446214687,0.266261457,1.257979144,1.414761832
37,1.104852527,1.487583217,0.238809545,1.330640517,1.096115461,1.17574857,0.972763552
38,0.68312463,0.934250567,0.314039433,0.630198079,0.284937128,1.464001929,1.290691599
39,0.951315989,0.33307692,0.903430973,1.295575092,0.569101086,0.451171626,1.42537795
40,0.76507239,1.277668018,0.806419649,1.089639577,0.432718084,0.633609219,0.645514004
41,1.067429662,1.282945619,0.38688036,1.363140263,1.101348168,0.990327809,1.007583681
42,0.093592268,0.37184686,0.332370657,0.813961485,1.259848806,0.366171496,0.55873822
43,1.249912056,0.274922327,0.897282714,1.162540282,0.342358274,0.357003716,1.232072457
44,0.601776883,1.592522035,0.752004894,1.498164789,0.281684706,1.177267065,0.085716789
45,1.088627733,1.370489011,0.292579662,1.381934146,0.960260677,1.271568024,0.807677359
46,0.562851641,1.096903634,0.250414566,0.84730264,0.453429087,1.133419036,1.104241748
47,0.542290548,0.464442161,0.493966332,0.711321896,1.22470394,0.28509521,0.747324417
48,1.198020879,0.248093971,1.011166636,0.931809964,0.595795516,0.510354586,1.277124548
49,0.238900668,1.479090508,0.47718842,1.259631394,0.361423777,1.246163156,0.22953136
50,0.349716984,1.450547958,0.428911351,1.368349968,0.50559438,1.150202908,0.195389703
51,0.416045881,1.333073187,0.422566343,1.265411565,0.485491717,1.238114731,0.28334053
52,1.227496193,0.510689713,1.028044708,1.195625127,0.454856869,0.588109125,1.303408826
53,0.82230929,1.332404178,0.797065498,1.168240699,0.144588463,0.961640763,0.691071611
54,0.593194331,0.739938281,0.330904583,0.529823261,0.114706719,1.41513608,1.277488766
55,0.335680967,1.623798619,0.603323799,1.29369555,0.314421458,1.107862518,0.120415738
56,0.590189776,1.115556439,0.696887422,1.2512408,0.416715734,1.102872862,0.219196878
57,0.854139833,0.910709505,0.331214962,0.733973456,0.271913475,1.334668563,1.467496421
58,0.265581819,1.40574973,0.529360012,1.346125535,0.261899549,1.20121805,0.379022541
59,1.122662823,1.09468684,0.286693603,1.299719401,0.93916925,0.993437249,1.062916985
60,1.137570422,1.028813216,0.637142115,0.349698297,0.245347254,1.047855471,1.36731061
61,0.327402201,0.896793653,0.35977887,0.849904693,0.047935974,1.202448195,1.376852896
62,1.092603601,0.165289194,1.243671207,1.224626149,0.258811647,0.440678834,1.289357879
63,0.341363102,1.161836277,0.622237892,1.402244933,0.425301361,1.159664382,0.266207117
64,1.290220256,0.244212399,1.075187848,1.258252346,0.214082779,0.723528248,1.32756535
65,0.81563118,0.998101492,0.314792585,0.933842972,0.186847517,1.420316521,1.366430364
66,0.606141001,1.071870659,0.397528937,0.72864405,0.145602973,1.306129319,1.363464155
67,1.152474362,1.520093677,0.502973069,0.103775876,0.388642833,1.183440334,1.309877702
68,1.376500063,0.374252876,1.016516577,1.156640895,0.191606611,0.588388382,1.097585365
69,0.533138434,0.988087407,0.484695389,0.679915714,0.322183483,1.604143385,1.156507288
70,0.603013907,0.850738795,0.305699435,0.709266687,0.148154132,1.124709495,1.466508504
71,0.572602097,0.914433561,0.130519687,0.595451333,0.224474489,1.343034818,1.556876452
72,1.1647324,0.474236051,0.954789446,1.094545811,0.592343063,0.760046808,1.36189323
73,0.429924195,1.067091544,0.608553579,1.456659101,0.332382574,1.411362735,0.129163364
74,0.481850606,0.759375523,0.131463085,0.976450957,0.363463806,1.119886759,1.347664983
75,1.134376241,1.210390355,0.088275723,1.13877459,1.341861462,0.907264762,0.81477934
76,0.753325757,0.781167405,0.302278228,0.516522722,0.274833991,1.096738254,1.257023997
77,1.080694684,0.301362472,1.108696658,1.219984774,0.54102247,0.591300996,1.078928994
78,1.093599974,1.239177693,0.541019514,0.455079753,0.277395191,1.124383507,1.309068327
79,0.252301097,1.640346541,0.563740277,1.340832352,0.209519213,1.374642349,0.050343321
80,1.025909917,1.594307776,0.26489851,1.499988113,1.105510834,0.83739193,0.611890441
81,0.957566129,1.449340951,0.318798982,1.344517821,1.045420543,1.04593638,0.801808259
82,0.259605646,1.555942574,0.496613208,1.23317653,0.257418037,1.271099694,0.231361617
83,0.172240085,0.56187358,0.403922363,0.554885444,1.032933519,0.139372402,0.56953262
84,0.897632691,1.257573049,0.751485525,0.32464681,0.489134039,1.341469959,1.497823067
85,0.565405794,0.75190285,0.494717143,0.76971903,0.300028448,1.49766429,1.289283236
86,1.185261992,1.20381329,0.3931339,0.326609969,0.428202459,1.337766218,1.114205483
87,0.111842934,0.44126468,0.3229314,0.667675948,1.327149453,0.290031056,0.599476795
88,0.276405723,1.366733715,0.580358186,1.588079529,0.320927885,1.460567257,0.230179521
89,0.518416864,0.29028861,0.513956505,0.680837553,1.12106893,0.195711013,0.528758952
90,0.375109807,0.404820593,0.310887835,0.915557909,1.063530798,0.249479294,0.625054111
91,0.892732144,1.206598169,0.626487109,1.033051641,0.26297631,0.472673325,0.94018982
92,0.487759396,0.643621497,0.509120644,0.838449312,0.431433453,1.272223667,1.181468919
93,1.136197656,0.042700057,0.961519147,1.121484122,0.438950215,0.795565941,1.358137856
94,0.570139235,1.122593297,0.284745036,0.566938088,0.322282644,1.472585316,1.286481725
95,0.168383112,1.54255733,0.53624915,1.354509845,0.3302258,1.455499212,0.126525705
96,0.095409047,1.237407307,0.694854955,1.158993322,0.57055086,1.15598379,0.509375755
97,0.73900244,1.469727978,0.646652877,1.20672537,0.455579317,0.799630121,0.925931589
98,0.456660884,1.356607158,0.584586885,1.310593139,0.126334542,1.150884259,0.365228498
99,0.357087587,0.918525182,0.078302358,0.560279115,0.287660324,1.548976423,1.32521665
100,0.426471796,0.272120274,0.610016101,0.614388266,1.077048211,0.282935662,0.51778227
101,0.534739889,1.582803088,0.556420905,0.899534958,0.126973319,0.641303371,0.766936585
102,0.400353145,1.613071242,0.621956196,1.385697287,0.372842963,1.088349589,0.287177564
103,0.377541965,1.071741672,0.290574404,0.569999408,0.301645569,1.569193482,1.294768207
104,1.362528406,0.089797194,1.20638517,1.254686337,0.379059647,0.441195661,1.123267878
105,1.009648604,0.257025926,1.075622857,1.01801144,0.50814982,0.42111095,1.218983057
106,1.388497663,0.3497377,1.117634942,1.138577315,0.41869513,0.568855468,1.408254161
107,1.079688278,0.245821025,0.891884414,1.105262701,0.373591835,0.807865809,1.461976481
108,1.190646435,1.410568175,0.215966087,1.274236164,0.923275185,1.171495837,0.621896
109,0.618127427,1.205052758,0.503283484,1.096945565,0.287641854,1.131778197,0.299126911
110,0.313955118,1.195186466,0.546599731,1.580905469,0.502247336,1.15551163,0.281379059
111,1.104191091,1.208904367,0.724003514,0.469868096,0.154432332,1.213182696,1.639881974
112,0.996742489,1.279135798,0.556152956,0.286494079,0.194740567,1.350152719,1.481439428
113,0.379780751,0.481432519,0.559951493,0.796200349,1.37304663,0.07858664,0.641879271
114,1.113468358,0.539045062,0.993263503,1.224830959,0.441207716,0.487239655,1.335110201
115,0.343100448,0.543516357,0.64167853,0.643203881,1.222331292,0.188382837,0.601043395
116,1.312004299,1.32390854,0.351195465,1.442613827,1.136764179,1.140855973,0.543272735
117,0.954294759,1.251353015,0.751167252,0.486228641,0.29508978,1.205750249,1.614986164
118,0.31321928,0.415466481,0.657988253,0.76777702,1.13954491,0.254640736,0.451847698
119,0.847909067,1.245557269,0.811310536,1.116623087,0.128694566,0.588131459,0.60228565
120,1.162626464,0.523486627,1.114795632,1.217637749,0.713555169,0.463235791,1.405562912
121,0.726592099,0.90472516,0.359835461,0.808289497,0.362525786,1.502811463,1.258023108
122,0.983145683,0.427865582,1.068660672,1.229954935,0.213648118,0.526302129,1.146865818
123,1.286778777,0.216040508,1.070219607,1.218638075,0.514194802,0.318764018,1.433707456
124,0.597406523,0.739070813,0.511679927,0.824106523,0.314089256,1.335736115,1.350350524
125,0.56906237,1.455363849,0.494279601,1.285137158,0.496307001,1.186761904,0.108282949
126,0.402961592,0.341487638,0.497375641,0.580810076,1.203658398,0.326231653,0.644049257
127,0.614432509,1.329106971,0.649114899,1.086655191,0.146860634,1.444746442,0.444972225
128,0.320276104,0.620515237,0.4707423,0.822037241,1.297770208,0.145561911,0.386446929
129,0.562267113,0.973234204,0.323067457,0.491061875,0.265630886,1.442657073,1.526749307
130,0.453975437,0.98808155,0.52896569,0.888592342,0.313050264,1.546454056,1.525243232
131,1.255019115,1.393939507,0.227116425,1.370487449,1.399544303,0.931649353,1.007633241
132,0.378582055,0.932221779,0.288315633,0.545545001,0.269231803,1.362476969,1.522324999
133,1.21515057,0.265386178,1.040173474,0.984836248,0.439243187,0.545915566,1.34964817
134,1.306712685,0.252927868,1.051703372,1.264156489,0.268145487,0.502960409,1.458281277
135,1.245285303,0.176396548,0.763508208,1.175433219,0.15436619,0.568051406,1.469584057
136,0.290450245,0.633524218,0.383012535,0.545153466,0.997351291,0.217958717,0.853193629
137,0.826479303,0.740001851,0.345198562,0.837014754,0.326980051,1.309348411,1.381788229
138,0.579168131,1.054883967,0.611978679,0.751949947,0.302491211,1.352118807,1.385155987
139,1.198412906,0.471969851,0.992273774,1.262316231,0.617342904,0.504134134,1.357008249
140,0.605901211,0.882155334,0.292347485,0.552202499,0.025095001,1.342292417,1.322404503
141,0.648180101,0.786511817,0.341768942,0.744111715,0.269888026,1.495343034,1.355965892
142,1.257687395,0.367981854,1.067185227,1.212651788,0.474929301,0.437536273,1.290506714
143,0.77384412,0.915213519,0.403917207,0.724193069,0.560207279,1.343400664,1.34912242
144,0.542049656,0.831153377,0.11482531,0.841468314,0.182167214,1.276589759,1.179627265
145,1.087409452,0.25237942,0.832058518,1.23060039,0.369680408,0.528067405,1.355824585
146,0.739064525,0.91544745,0.385912262,0.684947042,0.445309447,1.571952206,1.421264871
147,0.487192851,1.373092808,0.879379657,1.248573259,0.382912804,0.79781695,0.672189152
148,1.128948036,0.220649285,1.266892521,1.267360617,0.418126675,0.517419579,1.335926133
149,1.111869178,1.204563684,0.277170132,1.281324004,1.156885824,0.916366995,0.611521025
150,0.827479603,1.239849535,0.366967226,0.143644614,0.175814065,1.220900141,1.546050713
151,1.254892976,1.252884323,0.402923443,0.391690776,0.454857702,1.331853861,1.405903192
152,0.593044725,1.040900677,0.373858711,0.773791735,0.343276103,1.308690291,1.436875517
153,1.333506323,-0.044461775,1.008410172,1.172518172,0.20096547,0.389782912,1.326214014
154,1.156793699,1.29116672,0.254706777,1.097042128,1.131817646,1.110325897,0.864595082
155,0.377503332,0.356553743,0.54603098,0.657659387,1.153937629,0.150556599,0.691027306
156,0.355766957,0.455266578,0.535462038,0.552434894,1.179066056,0.367034133,0.533853978
157,0.190018801,1.391505132,0.751484177,1.202063095,0.302371531,1.053065712,0.533344936
158,1.137595556,1.287070577,0.145041404,1.24262697,0.956856646,1.133642082,0.639114688
159,0.256164193,1.313935839,0.557754287,1.11999754,0.228449124,1.182770062,0.424814859
160,0.295988801,0.407516128,0.778410577,0.454164398,1.1144358,0.17973883,0.619799977
161,1.009259767,1.523275217,0.217694485,1.193628204,1.135951676,1.050484371,0.7620735
162,1.191203614,0.040440385,0.887288179,1.189506509,0.264462721,0.628151995,1.239430155
163,0.325925042,0.601340029,0.603345881,0.819803354,1.476500474,0.258902117,0.677033409
164,0.258328652,0.327005657,0.551144964,0.466523124,1.310223915,0.288700177,0.536444199
165,0.739353403,0.986142073,0.205435401,0.733971053,0.481786505,1.422047602,1.37924746
166,1.071506034,1.330181442,0.298682662,1.236230971,1.154098149,1.044946438,0.729499616
167,0.205190997,1.335445776,0.595302111,1.361359749,0.400880053,1.248357411,0.245780845
168,1.043488727,1.217054441,0.145849557,1.425244978,1.037833883,1.160346308,1.01690081
169,1.02513301,1.333410396,0.258898538,0.11222898,0.075811396,1.212085308,1.411576616
170,0.861448065,0.98963357,0.635322368,0.355720712,0.273279721,1.20135151,1.245931173
171,0.364936366,1.348545548,0.629655563,1.534343059,0.324452294,1.122057327,0.290890351
172,1.229038402,0.251669469,1.282372246,1.177899045,0.449822828,0.450959792,1.302753059
173,1.089898901,1.462261336,0.462868952,0.409504877,0.006672054,1.093205437,1.363638528
174,1.203803073,0.170856902,1.1887153,1.235359842,0.484140349,0.678816712,1.378141265
175,0.462253523,0.322204417,0.476965071,0.688626857,1.22192457,0.476936071,0.416716148
176,1.188563226,1.354610278,0.514054702,1.152535554,1.162612161,1.085200206,0.775104576
177,0.276571245,1.344966169,0.760655769,1.336695759,0.193837077,1.133488789,0.283472261
178,0.570361131,1.074521959,0.130338695,0.882332087,0.041727776,1.267865898,1.341060713
179,0.267354289,0.466591794,0.594578957,0.635123742,1.13548403,0.104970623,0.71630973
180,1.161309248,0.327280541,1.024155717,1.230824976,0.67411726,0.478627467,1.607772452
181,1.25320332,0.481317351,0.863979985,1.491864184,0.488678715,0.368722171,1.374313256
182,0.656792773,1.289651319,0.670675927,0.9836747,0.179324278,0.734558065,0.548000411
183,0.26910334,1.231018983,0.526377622,1.286701378,0.451116186,1.290835781,0.187744896
184,1.258614669,0.382255054,1.032326994,1.067218546,0.488710857,0.729866519,1.474291675
185,0.314877019,1.562708062,0.519726208,1.370073077,0.129508966,1.034463512,0.279618321
186,0.377055708,1.3776849,0.407206135,1.31486404,0.478491306,1.276395367,0.254738941
187,0.794960385,0.895731443,0.478059722,0.675118867,0.428686313,1.163027448,1.397833454
188,0.765096127,1.023804941,0.526074715,0.645390214,0.50235929,1.311965207,1.28928151
189,0.022815828,0.366613194,0.542470822,0.594766417,1.029376585,0.248310567,0.766394231
190,0.478221576,1.003969163,0.55690403,0.851478087,0.247475433,1.297280944,1.177518006
191,1.375900208,0.386799817,0.914569298,1.303678166,0.312342826,0.509738847,1.494611534
192,1.166591864,0.224374217,1.05924672,1.25538248,0.611397161,0.524042624,1.491156426
193,0.485344584,0.846501337,0.318199329,0.791894464,0.441200066,1.348860243,1.191343885
194,0.273406476,0.742162831,0.297435478,0.994734733,0.242833216,1.34302612,1.212310247
195,0.303852315,0.392285561,0.373266785,0.671626238,1.107155957,0.150377385,0.871058339
196,0.167477081,1.36374118,0.535588016,1.111237918,0.165683869,1.039841029,0.237917318
197,0.811797664,1.280356708,0.646244882,1.162070405,0.122569057,0.767133159,0.926801971
198,1.269101066,0.21175318,1.247808009,1.029361981,0.385888753,0.549844045,1.556496456
199,0.386786403,0.932082145,0.597649287,0.752173544,0.431603145,1.347743317,1.308012776
200,0.518563956,1.300116498,0.559634469,1.542881882,0.380170593,1.196159463,0.37364067
201,0.264449767,1.497565414,0.667875759,1.512556354,0.408564292,1.284165685,0.449819139
202,0.144040557,1.40202141,0.501356693,1.419328787,0.193281721,1.184952119,0.187660877
203,0.424367918,0.405394532,0.716058772,0.381856116,1.021500973,0.511477123,0.583646787
204,0.60470436,0.940646792,0.389621199,0.475666632,0.216903013,1.340377441,1.211599314
205,1.033933402,1.11949466,0.536202216,0.594059277,0.182887989,1.495579116,1.40993118
206,1.146819903,1.232289291,0.596186412,0.358037941,0.295947358,1.248739881,1.357276519
207,1.120451581,0.111420125,1.035060648,1.19548822,0.374186928,0.497509417,1.402069627
208,1.323181607,1.458557236,0.578979854,0.398826944,0.180587326,0.99359027,1.158419252
209,0.44346798,0.89362271,0.432695115,0.816278148,0.025891109,1.364159619,1.367207331
210,0.281436411,0.470720286,0.623764553,0.428123712,1.217477206,0.316835314,0.554132779
211,0.972825299,1.471091178,0.493366744,1.056165568,0.06086812,0.560172586,0.961217549
212,1.152794153,0.257082841,0.903347864,1.380572746,0.358925459,0.3122165,1.119284112
213,1.184741647,0.222787372,1.010863772,1.293935971,0.698496728,0.75291371,1.320192233
214,0.451749327,1.360375021,0.525758449,1.350893391,0.341735412,1.003480388,0.145613902
215,0.576534769,0.738271181,0.164249988,0.679695508,0.080688989,1.353746981,1.377345004
216,1.082202382,0.090107208,1.01243713,1.394331073,0.363892955,0.380675183,1.285574476
217,0.223358115,1.564005726,0.639138845,1.398032514,0.355666481,1.151682513,0.495100772
218,0.390384273,1.200991265,0.405609305,1.464568996,0.238012927,1.068858761,0.22945936
219,1.090242227,0.14286061,0.984655249,1.404649919,0.435242198,0.57529485,1.172953799
220,1.29406762,1.090803352,0.565459704,0.272600629,0.188416008,1.305535908,1.28018349
221,1.268833424,0.074809046,1.018841384,1.044390446,0.427159419,0.516224771,1.212828433
222,0.265794696,1.514445637,0.637218462,1.276424616,0.426442767,1.336392041,0.215692587
223,0.578769934,1.183673981,0.15927615,0.775240407,0.146512643,1.089094837,1.384470141
224,0.025577058,0.416586145,0.539673084,0.629676046,1.012052793,0.555835154,0.528896347
225,0.974577159,1.355585157,0.547193872,0.43707509,0.284810937,1.026170726,1.549832622
226,1.075812279,1.201757924,0.501885239,0.410697387,0.269247844,1.396860236,1.126540726
227,0.877234922,0.958949453,0.644735592,0.312500633,0.186850921,1.31461135,1.456403079
228,0.621563139,1.256863882,0.581303054,1.061046582,0.213147337,0.726339561,0.882267797
229,0.132917776,1.397377572,0.665229671,1.251723057,0.421668219,1.230682265,0.253330942
230,0.767810792,0.785774388,0.578445363,0.688522595,0.151358826,1.475150013,1.175786018
231,1.19013071,0.516413495,0.801656901,1.401170085,0.183652573,0.698528608,1.34050074
232,0.526538699,0.707104976,0.512942435,0.61484676,0.371611205,1.122056354,1.383003804
233,1.151883525,1.417306264,0.301730683,1.217081067,1.090273426,0.995726721,0.997170471
234,0.606212815,1.273814602,0.6566189,1.130067301,0.234164343,0.899989961,0.773910642
235,0.435339104,0.342225853,0.704632532,0.601341141,0.934589259,0.237278811,0.668576197
236,0.547677123,0.981541544,0.336412123,0.564338937,0.14834211,1.466077285,1.286068996
237,1.10590929,1.242102994,0.674432204,0.580298336,0.104783454,1.201169268,1.115049469
238,0.382230169,1.37371742,0.404077674,1.313166922,0.361095504,1.296140258,0.251396319
239,0.278209219,0.47331152,0.471256234,0.418979147,1.142410051,0.480135597,0.641787354
240,1.229085158,0.484255055,1.055297923,1.306551592,0.580457583,0.5370144,1.380169986
241,0.530008068,0.886460067,0.3543522,0.784685949,0.296432419,1.226912253,1.314869707
242,0.414587331,0.936299578,0.185949098,0.627601159,0.487668191,1.400555903,1.343184974
243,0.560848306,0.929111531,0.384328668,0.777262083,0.108631758,1.352305447,1.126609578
244,0.570004907,0.910510951,0.342711782,0.912063463,0.149903615,1.333848977,1.35414302
245,1.23565853,0.246344708,0.914222605,1.309373474,0.49796682,0.78505478,1.418275475
246,0.38173922,1.033155264,0.506932073,0.567764724,0.381029165,1.513668257,1.265840392
247,1.223203617,0.310989938,1.040200863,1.21018289,0.257461839,0.684665299,1.258649009
248,0.20549535,1.291286932,0.294253865,1.321118108,0.322898623,1.195521064,0.180313059
249,0.379515273,1.39027437,0.426108895,1.523572604,0.26822892,1.075413682,-0.037915898
250,0.437496484,0.81736462,0.421767227,0.689210945,0.436730928,1.264577772,1.244684899
251,0.582186157,0.81295541,0.097367748,0.574231267,0.240518173,1.525198007,1.364977945
252,0.48310101,1.404311169,0.511612092,1.370116135,0.330594694,1.167181994,0.340692422
253,0.535117506,1.160743247,0.172668932,0.817688123,0.309422546,1.324612762,1.395293362
254,0.401513097,1.042790403,0.271416462,0.88566106,0.436020607,1.337182029,1.212621719
255,0.60375146,1.127430581,0.481115161,0.510308123,0.269242785,1.136476145,1.546473521
256,0.225216105,0.465928924,0.307502967,0.597861773,1.11310828,0.365297925,0.772097
257,0.989842911,0.23627696,1.298920777,1.398073956,0.628261497,0.613070761,1.508151133
258,0.441371005,1.000388447,0.311259023,0.797256845,0.299446774,1.346392208,1.417246844
259,1.058595151,1.42085152,0.281133457,1.401526702,1.185369754,1.231930815,0.896548253
260,0.974326594,1.463860565,0.663502577,1.054228797,0.486802352,0.675764442,0.614991058
261,0.78070608,0.914323844,0.503715971,0.560511435,0.45664017,1.317928783,1.245443502
262,1.282362334,-0.017476155,1.05950595,1.250762273,0.344909424,0.469381587,1.499644304
263,0.699147607,1.479153131,0.516112037,0.919648867,0.204080214,0.87050861,0.784556201
264,1.179008675,1.395787002,0.557922179,0.181920091,0.200307915,1.192706378,1.462995971
265,0.465657193,0.905016585,0.569477055,0.684561346,0.303664204,1.274176177,1.292306678
266,0.450826286,0.97589003,0.42313682,0.795762482,0.316599346,1.356173452,1.284277683
267,1.376049607,0.409657231,1.243910932,1.232747978,0.355652998,0.534543909,1.237796646
268,0.118434749,0.43085681,0.589808681,0.355346711,1.250989307,0.550216924,0.72709916
269,0.145655267,1.194151832,0.521978032,1.310132132,0.31086942,1.165257622,0.24034
270,0.496676948,1.017122883,0.257033711,0.702762991,0.432446558,1.169375818,1.162663454
271,1.200197227,0.075986392,1.084800862,1.263573735,0.479673366,0.572779585,1.476988704
272,1.05036702,1.20795267,0.638290073,0.508541276,0.075027569,1.165186266,1.474809981
273,0.38402272,0.810919772,0.466992088,0.682089139,0.040255534,1.379671344,1.352225406
274,0.298417468,0.698816944,0.345432018,0.690623899,0.375669661,1.264074199,1.285540981
275,0.735829522,1.456574865,0.912494439,0.872485993,-0.009430843,0.846788233,0.758985574
276,1.108854039,1.481133768,0.11781131,1.130398872,1.211954064,1.10582249,0.895395359
277,1.248562239,1.056059581,0.276917548,0.40835236,0.165268518,1.136491806,1.445590912
278,1.059876673,1.202478076,0.579134717,0.428165879,0.188588517,1.178510719,1.338912126
279,0.633154674,1.055288499,0.412540077,0.646165017,0.252608322,1.279188905,1.338791066
280,0.270204801,0.215390237,0.481567603,0.720810845,1.435852578,0.146899798,0.64270574
281,1.111439851,1.112800715,0.498302257,0.605155377,0.172048715,1.363620039,1.448735675
282,0.307578211,0.696210382,0.171461102,0.517579497,0.352237813,1.522479681,1.174363273
283,0.709633788,1.672029614,0.552300106,0.806823792,0.149124288,0.710907112,0.8349938
284,1.207131613,0.327934234,0.94615491,1.312437402,0.461541481,0.586543981,1.633103922
285,1.206943707,0.348106568,0.815337984,1.405973555,0.489415988,0.560532923,1.603337554
286,0.309433064,1.361891013,0.677887876,1.337788284,0.174005817,1.217589779,0.012269758
287,0.317045791,0.450734572,0.61686475,0.638187247,1.19986368,0.384531508,0.576302137
288,0.297126484,1.288249368,0.713874042,1.286297155,0.279488236,1.2223142,0.174169971
289,0.434850632,0.181964444,0.488288127,0.824223634,1.198936401,0.059302246,0.810369977
290,0.478287605,1.087748042,0.305940905,0.56326183,0.471912199,1.426687162,1.54159057
291,0.886050246,1.103840116,0.468406337,0.391143607,0.347462662,1.274771805,1.352914555
292,1.261384299,0.318695335,1.124139168,1.441447953,0.446669588,0.406838611,1.334495418
293,0.966395474,0.147884166,1.095886258,1.200851275,0.297870786,0.345396768,1.583977559
294,1.190736577,0.265297887,0.818065309,1.243501387,0.416628994,0.428454035,1.61354153
295,0.443695407,1.340808229,0.344318821,1.369202005,0.090585241,1.031780427,0.108455116
296,1.296249906,0.471875972,1.087039066,1.407674502,0.42511165,0.539985028,1.288653438
297,1.313480535,0.227114594,1.136798092,1.166606712,0.182576444,0.680489509,1.282570325
298,0.246548117,1.21573138,0.776316667,1.382018575,0.501071407,1.18404341,0.02207025
299,0.300186044,0.476436228,0.400288368,0.715609021,1.111323817,0.119590898,0.677550906
300,1.097667901,1.412506817,0.439646977,1.281878866,1.184485851,1.260324332,0.894459483
301,0.464007802,0.477391445,0.398121695,0.458357665,1.336622373,0.259712742,0.46037332
302,1.197998297,0.391244256,1.270164882,1.199910902,0.324357456,0.779702991,1.173358703
303,0.945833051,0.203772351,1.139790397,1.258836667,0.186918793,0.501335801,1.278308035
304,0.613365286,0.922409517,0.334399061,0.607789675,0.298175979,1.415847012,1.393700793
305,1.316485165,0.039622512,0.853817102,1.223462748,0.203545071,0.809127492,1.396612891
306,0.258375304,0.256764499,0.467636944,0.533275575,0.991921527,0.331605254,0.753738417
307,0.475252454,1.292373911,0.58315975,1.472742017,0.401555174,1.300104313,0.231652513
308,1.178251741,0.164922928,1.124185827,1.033551005,0.452858662,0.563736953,1.500136985
309,0.540959862,0.657254423,0.086501595,0.691331472,0.166814935,1.185872071,1.303290983
310,1.162892883,0.207859207,1.156872095,1.08563504,0.610791258,0.759982498,1.327605708
311,1.051156889,0.143235682,0.993783694,1.155416991,0.545926065,0.527912642,1.417602552
312,0.777781941,1.243565467,0.50666274,0.231469113,0.049335071,1.216653999,1.245165689
313,1.205600881,1.342717878,0.611554759,0.395136066,0.134370767,1.457569962,1.125130919
314,0.184288963,1.578269087,0.458930761,1.486463313,0.391163174,1.402918498,0.241134888
315,1.264845933,0.525615221,1.105567464,1.027579152,0.497604172,0.700712612,1.142000467
316,0.692980853,0.979540885,0.205688837,0.554734486,0.012068418,1.207779099,1.461113589
317,0.327991851,1.509650331,0.47245686,1.311589106,0.231444036,1.200675813,0.245463319
318,1.410586687,0.300055566,0.752987828,1.037721352,0.360913669,0.568346008,1.342182289
319,0.539853562,1.547655047,0.676111264,1.07127874,-0.028779078,1.010406501,0.829983073
320,1.078295097,1.439395095,0.463570884,0.325925129,0.099665975,1.241421524,1.138397471
321,0.112571122,1.367824587,0.361891311,1.565764138,0.479076097,0.985837287,0.235448908
322,0.602705424,0.876630111,0.269341135,0.694419909,0.295461461,1.391461044,1.266401003
323,1.135344301,0.175605961,1.258139289,1.311445165,0.542401907,0.526448042,1.351246018
324,0.535130741,1.338804141,0.560537187,1.437190027,0.289894734,1.251812036,0.294660573
325,0.61673745,0.82494183,0.275721838,0.987596721,0.232783735,1.327488373,1.511403636
326,1.244782185,0.217707289,1.161436967,1.161837504,0.43770974,0.675292278,1.197773197
327,0.513041586,1.525298997,0.565046807,1.423961634,0.566425543,1.010260019,-0.007661772
328,1.16052831,0.140290909,1.113053588,1.223472977,0.481408913,0.412397424,1.066111317
329,0.347907712,1.395928964,0.727882536,1.202743103,0.078178517,1.230423017,0.102928888
330,0.648079352,1.439571436,0.670753871,1.17218037,0.302176074,0.59092525,0.757075202
331,1.193038101,-0.03887609,1.005227222,1.110981854,0.280711559,0.503635846,1.3578435
332,0.482487185,1.156891789,0.278156764,0.504327302,0.421529746,1.346292645,1.345492135
333,1.082667664,1.219621693,0.384927746,0.261624621,0.053557161,1.291571746,1.480233361
334,0.365334205,0.8737285,0.324430859,0.677548489,0.15362048,1.490051227,1.373156844
335,0.550340799,1.311161749,0.675334563,1.32926116,0.169717609,1.40457671,0.426110059
336,1.043546487,1.307739196,0.358969251,0.30672237,-0.096534994,1.312122191,1.387837352
337,0.229279567,0.164985924,0.493007443,0.589893211,1.276897621,0.385087353,0.668510818
338,0.441948601,1.181710421,0.235148558,0.556632656,0.516082915,1.360972008,1.357295269
339,0.32470478,1.128223673,0.107092305,0.462173987,0.437104016,1.517676702,1.162957517
340,1.307338936,-0.029101152,1.025201052,1.254855662,0.27438731,0.49531713,1.526959304
341,0.422548116,1.226368907,0.56986704,1.196665291,0.161560419,1.176986723,0.504415876
342,1.307166153,1.283890005,0.513943528,0.432697641,-0.035625035,1.384224846,1.301277633
343,1.193215468,0.433359678,1.010261644,1.012720433,0.427095379,0.551621821,1.632328508
344,0.267737372,1.289018225,0.588001061,1.384181274,0.480768497,1.154370449,0.383332409
345,1.030216153,1.243488925,0.612617821,0.276994059,0.040899455,1.22941183,1.642757365
346,0.771867939,0.964349004,0.405841007,0.828609841,0.177426576,1.578663822,1.36400125
347,0.616675074,0.915256557,0.28250641,0.827455775,0.267229106,1.553092605,1.601394594
348,1.157706276,0.259036113,0.925720391,1.213050353,0.188130048,0.668063804,1.581420394
349,0.237803091,1.205977517,0.560067533,1.383327675,0.252223903,1.377189337,0.217176583
350,0.456773828,1.313090968,0.470244045,1.158377428,0.089242685,1.15831271,0.22191988
351,1.094260335,1.485495565,0.404221347,1.199655623,1.028418865,0.884464443,0.58262934
352,1.127777542,1.472581237,0.48799179,1.246997317,1.2497496,1.079944406,0.641413136
353,0.687027419,1.494713974,0.671713208,1.024452447,0.195819369,0.798446405,0.603004435
354,0.775618064,0.802901607,0.377644151,0.811025868,0.194486455,1.333699712,1.156229152
355,0.539554273,1.344504396,0.534692038,1.382207246,0.420013353,1.394247647,0.236341738
356,0.579619169,1.638733338,0.646285614,1.139391652,0.013644904,0.770224985,0.8714474
357,0.606752388,0.868572272,0.476837414,0.710944561,0.137572353,1.377590231,1.379766563
358,0.690045436,0.755778335,0.274883798,0.78839463,0.132952542,1.365288263,1.454310119
359,0.346423823,1.493977749,0.553821218,1.36984565,0.462569917,1.266974134,0.084932982
360,0.219339018,1.375080033,0.50191829,1.439579473,0.412534981,1.14546772,0.397681721
361,0.412495,1.147944982,0.469285452,0.5863181,0.324733286,1.266498254,1.548608518
362,0.498705164,1.073713321,0.262380029,0.572932557,0.010489814,1.150974958,1.349340843
363,0.90816154,1.51169001,0.553411824,0.278168518,0.312883856,1.129048659,1.536677384
364,0.210673909,0.502754441,0.364222977,0.636211155,1.092385665,0.160684208,0.687171487
365,0.139234903,1.414373184,0.495743165,1.362303784,0.424644499,1.297375937,0.241759208
366,0.475993651,0.546274511,0.669515488,0.633479645,1.18932236,0.280352903,0.792478463
367,0.388598378,1.594959139,0.322995307,1.580172685,0.327601925,1.287823165,0.390526338
368,0.606487922,1.389571918,0.260865113,1.266261377,0.389382633,1.176795913,0.240601153
369,0.694071573,1.427302422,0.707560895,1.290429844,0.242325447,0.621721631,0.767028611
370,0.826194811,0.712321523,0.348813861,0.709200859,0.424000889,1.287969817,1.341264557
371,1.013926659,0.324342943,1.133988824,1.060269658,0.363060953,0.508604932,1.503878901
372,0.994516579,0.334404201,0.755954703,1.299484515,0.368396795,0.263014499,1.636087276
373,0.412983084,0.886102826,0.509265326,0.74709329,0.058046677,1.40128434,1.285140594
374,0.548474221,0.70606425,0.36609096,0.515152362,0.281666069,1.425888652,1.167612309
375,1.009530617,0.13120898,1.06791568,1.215380202,0.356909114,0.404615628,1.506708901
376,0.571906306,0.992060996,0.230856825,0.895023582,0.258886971,1.292665358,1.367651889
377,1.106513153,1.458237079,0.331336512,0.326429637,-0.003079266,1.314564563,1.514281384
378,1.196452138,1.241248265,0.632725162,0.494752431,0.099554902,0.990844701,1.325086452
379,1.177062159,0.345584546,0.972808654,1.236610939,0.309906898,0.466897628,1.277026675
380,0.655833817,1.435794532,0.425782604,0.842097512,0.188012387,0.692325146,0.731534894
381,1.102688482,1.516083335,0.103862715,1.211835714,1.296053559,1.016604585,0.829209456
382,0.677361903,1.488604454,0.610241866,1.309236159,0.312232002,0.603782072,0.764132549
383,0.752884913,0.819786232,0.411046931,0.775934454,0.409126178,1.527559199,1.609183308
384,1.233142903,0.195315438,0.99379123,1.232651014,0.360325872,0.691957263,1.309058003
385,1.086433142,1.291499832,0.240247576,1.264778269,1.007947086,1.09055599,0.586585461
386,0.131508758,1.321901571,0.581610087,1.376821543,0.333426108,1.275469536,0.149419451
387,0.660673512,0.860554018,0.451420638,0.72524254,0.336381996,1.408939037,1.294633287
388,0.455186124,0.859456577,0.535295192,0.832013854,0.333256975,1.415397658,1.086272996
389,1.029693875,0.332040595,1.032781915,1.191079224,0.641160854,0.432103191,1.497543604
390,0.599038836,0.91990061,0.349348044,0.682613272,0.22108477,1.299739694,1.374042067
391,1.030870053,1.122160332,0.214836632,1.296736132,0.888606446,0.900743622,0.919441173
392,0.297950429,0.363060542,0.592479446,0.515147135,1.404522713,0.327962007,0.819088261
393,0.586386667,1.032538337,0.386520835,0.713634218,0.12940535,1.604514191,1.526272802
394,0.365886128,1.417194643,0.550863691,1.352222809,0.229406339,1.261730533,0.324406321
395,0.764386507,1.21807632,0.601943327,1.025463231,0.113912099,0.93687236,0.760290898
396,0.564252254,0.750318686,0.218527489,0.724573653,0.271930106,1.289741442,1.14588066
397,1.222724634,0.393540012,1.144832403,1.220204144,0.625310897,0.527153848,1.238713044
398,0.669576526,1.391148143,0.941819996,1.067885788,0.126182111,0.713374457,0.938829678
399,0.324543904,0.903849528,0.332875648,0.761933038,0.458785064,1.279014511,1.436510976
400,0.834637593,1.059871608,0.767078922,0.341205783,0.246395352,1.250401255,1.104458366
401,0.955561429,1.456973673,0.290795938,1.308588004,1.353776461,1.056366554,0.820397778
402,1.169746794,0.091989883,1.043066506,1.325229758,0.289175849,0.405378265,1.388632313
403,1.138782969,1.339562613,0.509248029,0.444735493,-0.029462329,1.391495395,1.150771158
404,0.680701028,0.81525803,0.391698829,0.860702641,0.148756385,1.341195143,1.393525283
405,0.702176751,0.662277949,0.226508987,0.701541207,0.519860756,1.547494153,1.257267437
406,0.243190211,0.413903966,0.349855563,0.699768054,1.256684057,0.2123405,0.699724348
407,0.252724266,1.345105325,0.423149195,1.27631096,0.171289544,1.287897212,0.051812165
408,0.61451755,0.785419288,0.30243074,0.849711186,0.118834857,1.553802199,1.435543801
409,0.989008281,0.379019749,1.065948787,1.438082131,0.491014167,0.371563289,1.314477475
410,0.560260164,1.36615492,0.677684068,1.036606867,-0.017174092,0.784325118,0.739188278
411,1.031622757,0.469244858,0.986638982,0.946290165,0.264527396,0.347701755,1.13100145
412,0.474695084,0.209234178,0.583422854,0.449612353,1.224117441,0.430540217,0.349127307
413,0.266480927,0.405744764,0.677270965,0.860912045,1.146329305,0.556174486,0.658987802
414,0.617537311,1.415284757,0.520916262,1.560234308,0.24996795,1.39614621,-0.013679717
415,0.513912014,1.39303132,0.576495177,1.166884402,0.479199307,1.327829574,0.157125324
416,1.237645676,1.077080974,0.451355459,0.573670727,0.300913219,1.226656168,1.344800666
417,0.982445903,1.641512459,0.31157674,1.226196881,1.076947396,1.118445363,1.071455713
418,0.943375025,1.164180108,0.321206007,1.432517098,0.917532212,0.859177008,1.039110589
419,0.343434083,0.414298653,0.691175056,0.655425125,1.412393115,0.13394764,0.401322731
420,0.364665462,1.334325634,0.496215758,1.32049231,0.44185142,1.201860607,0.118738632
421,1.078149667,1.369335456,0.440775427,1.427865971,1.314332009,1.104149948,0.916441065
422,0.080649121,0.472663718,0.508858538,0.8617524,1.38941044,0.461106451,0.684535247
423,1.060914097,1.210492667,0.413657696,1.169282221,1.114378543,1.126128501,1.049650092
424,0.633349003,0.809271659,0.231981846,0.925865119,0.306627535,1.529644079,1.217861544
425,1.098343742,0.072964818,1.004809756,1.09272082,0.465181932,0.538091307,1.382313661
426,0.753279785,1.035905129,0.214549982,0.697151288,-0.00462218,1.411673603,1.193158394
427,1.274883531,1.472962297,0.512326492,0.37624588,0.235628856,1.287554215,1.454597874
428,0.496290238,0.971944995,0.332272944,0.679596912,0.250243187,1.276634869,1.614139068
429,0.215629386,1.338761629,0.626374893,1.165001882,0.408966785,1.178350919,0.238436253
430,0.811794171,0.871950759,0.400443688,0.934211837,0.37689378,1.217305656,1.371812306
431,1.288824865,0.424838925,0.947361976,0.97380017,0.538912806,0.803521921,1.213790625
432,1.327818314,0.223349541,0.932408122,1.175026769,0.662250385,0.64342859,1.351859522
433,1.207196705,0.064015496,1.174159317,1.322897843,0.561049303,0.708405533,1.193115393
434,1.24198865,0.387801037,1.075344741,1.067867645,0.629189032,0.603330602,1.567123424
435,0.57873533,0.351389173,0.485758252,0.77342638,1.098421689,0.357718177,0.548612845
436,0.936437453,1.476909263,0.206065189,1.25365722,1.167496377,0.808971658,0.936604554
437,0.34431929,1.594247578,0.497381179,1.381527782,0.609118924,0.974236132,0.372647849
438,0.99099652,1.515373923,0.87593801,1.002884647,0.247666121,0.904687605,0.67921834
439,0.374176516,0.411637913,0.646345694,0.64331832,1.23597834,0.375560558,0.386282077
440,0.509760558,0.874778926,0.431969083,0.542329153,0.332617282,1.361244607,1.408532278
441,0.292402496,1.352684822,0.548227352,1.33839816,0.10170499,1.060196321,0.25243682
442,1.34812837,0.391962958,1.221170105,1.22068425,0.693041185,0.479227004,1.281058826
443,1.106644854,1.363901759,0.309548697,0.257354263,0.221996171,1.117729335,1.386354593
444,0.320432023,0.335008631,0.333247634,0.566719756,1.062955057,0.329437947,0.476400657
445,0.354067338,0.372155963,0.574356032,0.73295373,1.31966977,0.096094017,0.457404321
446,1.217174796,0.223802101,0.976839752,1.15811731,0.387293416,0.499843414,1.36352508
447,0.67065216,0.822334511,0.526519573,0.658511351,0.536680691,1.433691877,1.405942763
448,0.427160911,1.350535352,0.571363473,1.416183256,0.383343643,1.327792687,-0.038100926
449,0.592819146,1.035461634,0.419631132,0.848156979,0.252802523,1.288594814,1.450087178
450,1.167288197,1.339009142,0.559771201,0.221985231,0.396259281,1.16728489,1.418070615
451,1.131569274,1.517726893,0.235196164,1.047790794,1.123253022,1.210070453,0.682667737
452,1.262227931,0.160649692,0.833252847,1.206297849,0.517007438,0.560446058,1.319265787
453,1.067443062,0.249951985,0.999617215,1.258209632,0.313442955,0.494510691,1.438152074
454,0.536527476,0.412999479,0.522201348,0.632227432,1.078932099,0.356150506,0.58592248
455,1.184936558,0.136949632,1.128240967,1.303104992,0.362676495,0.63521213,1.255163617
456,0.493175409,1.028787927,0.175428187,0.736386147,0.092098733,1.304784833,1.306965663
457,0.936828583,1.089846675,0.537340513,0.312905061,0.26497565,1.49893197,1.235061322
458,1.050121724,0.334765861,1.254457466,1.255592762,0.526195521,0.285665786,1.459788525
459,0.29892368,0.472863687,0.43688427,0.618025536,1.454436031,0.322314923,0.803784746
460,1.100391814,1.237222864,0.217490367,1.413377513,1.191935907,1.056874644,0.701839767
461,1.236066223,1.176917157,0.614798046,0.403089516,0.348429751,1.352224196,1.386929191
462,0.481026935,1.349626006,0.580568582,1.26125636,0.323058987,1.189839042,0.158898298
463,0.218928934,1.242463595,0.543059735,1.232033012,0.446354425,1.179756401,0.152996459
464,1.380831946,0.49766465,1.057661228,1.31185488,0.481104028,0.392737826,1.056143854
465,0.534423347,0.853952077,0.503174531,0.450948945,0.480819053,1.13397778,1.205164993
466,0.01566571,0.587442219,0.58627041,0.712855473,1.105334637,0.240993455,0.527543332
467,0.534100943,0.856992913,0.353165199,0.709419402,0.290667741,1.309867005,1.426838647
468,0.922109431,1.397201499,0.699814257,1.141951521,0.241536331,0.954303503,0.935412092
469,1.265262748,0.099002618,1.286001905,0.96711195,0.236049894,0.355835927,1.436504438
470,0.567638327,1.234896855,0.321213729,1.345096297,0.542804389,1.328565946,0.255799166
471,0.321963582,1.255265059,0.537256019,1.506550607,0.268709403,0.947141907,0.127811552
472,0.276930962,1.179749501,0.714340584,1.43310437,0.413393618,1.107152792,0.414649484
473,1.363290678,0.151921538,0.927405059,1.24556908,0.299715523,0.727419378,1.352474429
474,1.091586128,0.331334686,0.938887514,1.469351289,0.351764371,0.716573131,1.194057063
475,1.092062976,1.25318666,0.787662108,0.559549838,0.167872039,1.262711945,1.314665759
476,0.529621565,1.095747221,0.370477344,0.843062628,0.541515759,1.328576041,1.403275752
477,0.375946268,0.845337561,0.411929464,0.68419913,0.012973985,1.341540642,1.490216035
478,0.206445806,0.28770598,0.505704705,0.644668725,1.432508518,0.400798424,0.842314017
479,0.121530908,1.547032573,0.428562724,1.137622522,0.320145928,1.123133649,0.252548527
480,1.059298295,1.179369187,0.450800798,0.460532061,0.129477898,1.143754685,1.467192066
481,1.132171493,1.396551489,0.518697034,0.308497204,0.444377335,1.235914324,1.296858163
482,1.094987769,0.104527263,1.043881729,1.30661881,0.394116461,0.837492881,1.402370309
483,0.827571149,1.106813294,0.108318609,0.888206892,0.046820812,1.318355696,1.389535488
484,1.082465158,1.425616558,0.203133064,1.099718263,1.013264217,1.135584289,0.708140887
485,0.353210579,1.479955254,0.432778352,1.357167684,0.256106786,1.049986495,0.176159152
486,0.521075105,0.978358269,0.265326665,0.605240559,0.213396021,1.302793937,1.39546747
487,1.191567437,0.365933345,1.051933146,1.191612944,0.416671247,0.552559682,1.177149886
488,1.217948176,0.256288951,0.885940059,1.403344303,0.284241811,0.471274084,1.247225834
489,0.562224849,0.909820347,0.390974551,0.511139572,0.037128618,1.422371504,1.230359375
490,1.188399403,0.130747857,1.242891236,1.464114837,0.313252709,0.556763803,1.236015592
491,1.22806481,0.32146084,1.040588145,1.107135449,0.455499835,0.662489411,1.616947403
492,1.093055284,0.324410294,1.120989748,1.459213922,0.444132734,0.466926024,1.37072392
493,0.785918831,0.710288844,0.396678511,0.976459419,0.160825994,1.303155795,1.376204669
494,0.70324808,0.670812109,0.567109274,0.836064408,0.077342994,1.348867139,1.59797617
495,0.925405174,1.465110684,0.398649581,1.281113086,1.382765529,1.104422522,0.723808486
496,0.408878832,0.973489879,0.558378852,0.715062974,0.141546175,1.337574096,1.103438272
497,0.218054018,1.337768409,0.331861508,1.181612587,0.063553572,1.182036604,0.340650689
498,0.678722749,0.977212431,0.29918791,0.814257832,0.403690574,1.340266891,1.396271013
499,1.380057812,0.151202399,1.189469496,1.163282895,0.249018585,0.628454439,1.470104962
500,1.083467784,1.345023267,0.477676281,1.327298262,1.249027617,1.080963413,0.608871849
501,0.577829044,1.161242449,0.363334257,0.676672638,0.050606743,1.399368951,1.382433526
502,1.092447528,1.389998189,0.491971446,1.464950206,1.113112588,1.135335909,0.661689664
503,0.474135401,0.701578053,0.378558837,0.614439624,0.142827065,1.537019343,1.493608325
504,1.107699442,0.125179477,1.096848039,1.333766927,0.37481517,0.592890043,1.349137812
505,0.294753182,1.110216628,0.551157095,1.35432928,0.212830053,1.263945655,0.236153436
506,1.259588554,0.363559803,0.769262091,1.115923072,0.433173001,0.657544412,1.091066964
507,1.188136905,0.320104826,0.843252458,1.038717356,0.24018133,0.472920238,1.133358357
508,1.060841382,1.193873672,0.601289934,0.479550772,0.190055541,1.132908853,1.390047884
509,0.582906268,0.650557762,0.602471455,0.503639987,0.290178086,1.189128379,1.527050618
510,0.743732688,0.763884445,0.225108999,0.852868753,0.196019841,1.344961367,1.374465533
511,1.229386042,0.362149215,0.861690278,1.137151832,0.378767316,0.435794499,1.324830837
512,0.884553962,1.451161813,0.676308118,1.010555363,0.290218502,0.902615377,0.96092855
513,0.342079384,0.885413539,0.391631084,0.781177986,0.196193956,1.535430859,1.575415381
514,0.359679961,1.249871897,0.771502488,1.455771063,0.510381534,1.191529204,0.144749526
515,0.394853981,1.46076693,0.388455313,1.2876332,0.331409548,1.122268049,0.154858808
516,0.314133987,1.435791051,0.602385975,1.489477923,0.142699102,1.178812048,0.374894972
517,1.137616658,1.229948336,0.458204379,0.572588422,0.25236956,1.099954086,1.600932387
518,0.650936156,0.983331612,0.369219298,0.754534341,0.154619605,1.27312431,1.446397469
519,0.948895867,0.328310966,0.853879088,1.225169742,0.277076821,0.546227236,1.393362999
520,1.085345727,0.369267149,1.141709216,1.423344534,0.62060558,0.642246847,1.120640302
521,0.283948604,0.424116695,0.387179229,0.645699386,1.344512335,0.403093104,0.659997892
522,1.081143895,1.307641853,0.472584249,1.328543518,1.118510733,1.045276939,0.856141421
523,0.978140169,1.34794525,0.406907314,1.313793443,0.958874959,0.912120259,0.764178619
524,0.670455277,0.778937298,0.346045569,0.648930506,0.222390461,1.340322728,1.24681244
525,0.945371404,0.503082893,0.880420675,1.479733919,0.574451826,0.707669341,1.065182184
526,1.228634028,0.239478545,0.830927635,1.156267655,0.37176908,0.539909623,1.512926392
527,0.461063367,0.700700718,0.141442903,0.74833718,0.06711065,1.567849578,1.169659242
528,0.288819565,1.445291135,0.567877774,1.132562968,0.083220797,1.194807232,0.246562799
529,0.010161961,0.235809336,0.562834106,0.878871975,1.350890759,0.268677285,0.413790283
530,0.659109343,0.907087878,0.239044819,0.85806639,0.054911438,1.110526049,1.297353601
531,1.103534529,1.349080971,0.287739796,1.45528121,0.948943238,1.213764229,0.808405781
532,1.305028874,0.326747244,1.217592704,1.225255977,0.324301918,0.520136494,1.342207379
533,1.159872033,1.449589054,0.482665814,0.328405623,0.261526363,1.264626153,1.526162586
534,0.569377475,1.216836196,0.768073315,1.004230449,0.189758277,0.66109278,0.927958709
535,0.188326639,0.465059926,0.492355087,0.568241493,1.241917845,0.229260671,0.495184415
536,1.227720423,1.215403764,0.809518221,0.114280019,-0.02127959,1.435250533,1.513489062
537,0.42172575,1.267992519,0.355718936,1.38109732,0.306631876,1.260867361,0.289132328
538,1.167790345,0.238921791,1.02684137,1.32808351,0.483728679,0.428284724,1.321588231
539,1.243785212,0.38027635,1.202355318,1.292535121,0.236957882,0.633831711,1.348162799
540,1.170414937,0.445506049,0.885901116,1.125129489,0.46502933,0.510900695,1.359195275
541,1.117028803,0.077237194,0.85581555,1.12199809,0.275582348,0.513153215,1.324350238
542,0.506137058,0.778517656,0.50093226,0.694850986,0.3024189,1.310917219,1.119017727
543,1.106875136,1.267086816,0.664750087,0.3115887,0.163250471,1.241678731,1.520045461
544,1.066269552,1.191890295,0.730297369,0.650523325,0.216501666,1.067870685,1.346308068
545,0.418078503,0.297633894,0.669857694,0.469350616,1.13639987,0.359868865,0.567979426
546,0.651746814,0.908299986,0.40518272,0.946195461,0.365633711,1.415347066,1.591732265
547,0.459875454,0.34287102,0.462291153,0.873750788,1.437623827,0.325845201,0.48398529
548,0.118568769,0.548501031,0.812998428,0.624958586,1.237696069,0.179492904,0.378424942
549,1.12526953,1.524533987,0.326067121,1.349012773,1.034004298,1.064704566,0.746490483
550,1.173638904,0.248234024,1.073544332,1.02755311,0.574547655,0.38706032,1.454661308
551,1.15865763,1.439823065,0.751194947,0.4902928,0.226678451,1.226971967,1.280931001
552,0.981981719,0.013898032,1.081399277,1.231651094,0.223053068,0.401752787,1.497320935
553,0.187223207,0.369442943,0.424921741,0.673153521,1.164836147,0.375233839,0.518680888
554,0.89295227,1.227472339,0.630622612,0.565494086,0.261802075,1.410100881,1.322249865
555,0.148758441,0.30206647,0.479054337,0.663362078,0.999356528,0.028273612,0.510709687
556,1.015195463,1.205180807,0.376078552,1.466078603,1.235396903,1.264858411,0.954643371
557,0.543668264,1.053014059,0.6274323,0.704655404,0.138020988,1.285033013,1.433690563
558,1.174991099,0.326346704,0.8685297,0.946071957,0.658005108,0.651969425,1.456003486
559,0.711673068,0.79249299,0.143223388,0.605860296,0.260286604,1.327101298,1.290374894
560,0.735058681,1.038845383,0.431994293,0.639546919,0.272127211,1.444327002,1.234327595
561,0.921889734,1.425601579,0.723140604,1.295794576,0.372176116,0.917788274,0.671889955
562,0.745988586,0.882276419,0.159322323,0.657465901,0.339714318,1.313400911,1.431072921
563,1.110065316,1.343619181,0.093769902,1.092874653,0.845406154,0.951415521,0.785129504
564,1.4316207,0.012186425,0.902351159,1.233849731,0.454986555,0.789932864,1.487387957
565,0.614425438,0.753404023,0.110091339,0.729232558,0.346836771,1.425064057,1.320591878
566,0.327763431,1.540692995,0.365587439,1.30818176,0.157924269,1.199304196,0.372713159
567,1.0229562,1.358405472,0.549147404,0.163718754,0.192898513,1.20572802,1.516521258
568,0.430034531,1.146039208,0.232529504,0.623460412,0.400255165,1.093898858,1.171601656
569,0.335794322,1.198323613,0.466824638,1.449751461,0.303149181,1.24622204,0.413789681
570,0.554106598,1.364227922,0.529122483,1.438069229,0.268227189,1.187822535,0.099076764
571,0.347620455,0.806714122,0.535202293,0.699248855,0.35593295,1.433938613,1.26101309
572,0.391671172,1.348184047,0.652196162,1.203114714,0.150945288,1.248286561,0.313472956
573,0.774704942,1.260976191,0.821229856,1.030873837,0.178262145,0.638375062,0.7828599
574,0.282326064,0.818870961,0.352621155,0.9054845,0.225121024,1.052973429,1.421884359
575,1.087065232,1.288770287,0.252861624,1.183189633,1.188947647,1.029548699,0.757580021
576,1.17145724,1.559099127,0.234926056,1.292704783,1.065873883,1.213892722,0.751581336
577,0.21066413,1.142808406,0.680613776,1.237138099,0.313365869,1.243075514,0.113169325
578,0.384989156,0.493580891,0.702990526,0.516818362,1.040874673,0.340282178,0.650551047
579,0.166081283,1.466954032,0.402899802,1.198524937,0.554269795,1.23533007,0.376393272
580,0.454497189,1.364763485,0.322077367,1.356809624,0.238559622,1.153565907,0.288609905
581,0.346927942,1.255005208,0.629260383,1.384606937,0.291144608,1.245770992,0.255252747
582,0.220445106,1.150156091,0.449302293,1.313826386,0.125233405,1.00965895,0.260430277
583,0.190139629,0.354216051,0.457339468,0.685511705,1.382277559,0.270399097,0.466514567
584,1.187427919,0.212594345,0.946312899,1.255478072,0.365075387,0.546185123,1.184002522
585,0.369119351,1.240480395,0.498698294,1.317557573,0.377929994,1.169244564,0.149752814
586,0.279986017,0.683657146,0.688208018,0.61960863,1.275426143,0.480234182,0.519881044
587,0.500477393,0.873377446,0.221430803,0.777636214,0.200797079,1.191385293,1.137133829
588,1.372119124,0.303849351,0.89754251,1.075181577,0.430040691,0.579695866,1.243776786
589,1.100036915,0.141622811,1.045370087,1.397126093,0.602087291,0.395381522,1.213565867
590,0.669521112,1.480848004,0.68616913,0.950375436,0.205134811,0.786881238,0.550090273
591,0.397272028,1.236943171,0.667983757,1.198787708,0.367849967,1.375154404,0.251439976
592,0.471988256,0.723248861,0.292743595,0.749808847,0.189223192,1.287351305,1.289655373
593,1.086220471,1.245149726,0.711905874,0.446373699,0.125106682,1.217211197,1.316713586
594,0.718229172,0.836887534,0.324520002,0.757592166,0.274772744,1.232497734,1.53732454
595,0.315863211,0.943457345,0.394819049,0.47007493,0.26537298,1.3344834,1.446307424
596,1.163346776,1.230915007,0.521272631,0.372739362,0.194042449,1.306367066,1.461350445
597,1.047441498,0.214003317,1.103212224,1.273061411,0.370827212,0.435861779,1.322252611
598,0.936309612,1.141739433,0.156901542,1.310776887,1.061268558,0.923568544,0.956600883
599,0.531679847,0.728300641,0.247554107,0.579975157,0.358289089,1.31084866,1.413004887
600,0.596345379,0.723284184,0.391983533,0.65161375,0.051218336,1.290612401,1.400354252
601,0.45640317,0.961225449,0.366128761,0.844240953,0.305330453,1.451203913,1.349614027
602,1.362480403,0.237459035,0.865998337,1.197580218,0.422534649,0.742242488,1.204623383
603,0.339654905,1.339317278,0.429352608,1.351962888,0.562857814,1.001057316,0.210258875
604,0.198442134,1.458723224,0.620440553,1.129432026,0.141370797,1.254750782,0.246884467
605,1.289981242,0.359296517,0.882624776,1.287665156,0.133824505,0.509694417,1.235192651
606,1.366928474,0.093558875,0.856567891,1.297290026,0.328425632,0.601901227,1.165289487
607,1.352622603,1.396788644,0.254550396,1.330922584,1.144177109,1.100722473,0.667154672
608,1.092933194,1.282821124,0.473082564,0.295300569,0.394007201,1.154831288,1.18931765
609,1.042732111,1.413033649,0.216887988,1.096414716,1.202727056,1.046010719,0.824893426
610,1.29807983,1.174516115,0.847698842,0.329317352,0.419982682,1.025287316,1.420636243
611,0.521007198,0.904619913,0.187690329,0.663983042,0.325478814,1.322291739,1.353373239
612,0.191420725,0.434199626,0.346681156,0.896880491,1.196864038,0.340522612,0.430690114
613,1.209801118,0.116143261,1.108645834,1.047002806,0.222121771,0.547589731,1.27345602
614,1.188094234,0.223758701,1.043390141,1.182372966,0.161391073,0.736108853,1.369139786
615,0.120801119,1.485034576,0.593167203,1.424775092,0.223347196,1.169248773,0.243427559
616,0.385244116,0.50362468,0.393629007,0.513489315,0.990905745,0.011588112,0.527617804
617,0.15416228,0.407347799,0.420547921,0.647804058,1.285780954,0.255146384,0.404328773
618,1.022009488,1.322015239,0.39881984,1.23322168,1.082211406,0.86012584,0.637209477
619,0.58347745,0.384535705,0.639570217,0.549472214,0.982149931,0.239850326,0.598973518
620,1.248216203,0.257293538,1.047727929,1.39601921,0.432521427,0.540771035,1.447146199
621,0.670104327,0.955890902,0.300332794,0.736182562,0.343541191,1.300199658,1.189702457
622,1.094669581,1.528798802,0.299460142,1.364163785,1.119943609,1.007009489,0.670740812
623,0.923148955,0.351503494,1.158187146,1.195015878,0.411867244,0.335300481,1.511265559
624,0.551647381,0.832390661,0.523735002,0.656349184,0.276479722,1.489715967,1.35019787
625,1.391192282,0.317610112,1.017859449,1.372437796,0.61489217,0.552047173,1.427383104
626,1.347633548,0.23484976,1.165385797,1.220539139,0.419085681,0.622144445,1.435955012
627,1.204271521,0.390417781,1.270089247,1.380125666,0.215143921,0.290297396,1.283846388
628,1.176383468,0.536909051,0.847570266,1.224901025,0.443413378,0.480993445,1.429395583
629,1.164800035,0.107014822,0.755741527,1.028222742,0.406080893,0.485478646,1.249961135
630,1.335618273,1.540012393,0.19619059,1.209425361,0.983361623,1.245451589,0.761584541
631,1.081126194,1.438876668,0.032095139,1.318503839,1.215142267,0.986673642,0.73295282
632,0.389147155,0.405939039,0.62917024,0.471745053,1.490607371,0.250556852,0.604668849
633,0.391947339,1.339538705,0.703982204,1.654513884,0.55343816,1.19077439,0.261016639
634,0.582519933,0.907828154,0.558359521,0.74848077,0.096692151,1.236560117,1.420817861
635,0.429542403,1.262842229,0.561054826,1.526725193,0.18629301,1.240476095,0.262071283
636,0.321939413,0.522248228,0.460305468,0.651933106,1.033137703,0.296576579,0.398199741
637,0.722205932,1.491772237,0.668162956,1.14876528,0.358266411,0.922646542,0.526687221
638,0.272293029,1.476831281,0.651654864,1.35154665,0.409759125,1.249904005,0.171692484
639,0.583114937,0.943399863,0.371118063,0.690254592,0.24205958,1.19430967,1.333754608
640,1.270445346,1.382644922,0.586582778,1.33714519,1.111365002,0.743857781,0.722088059
641,1.174786119,0.98720066,0.514202337,0.42559679,0.10183538,1.363699706,1.424195987
642,1.194689571,1.31251716,0.324547628,1.369158392,0.954922453,0.994661619,0.818695469
643,1.071552615,1.272312261,0.642950737,0.385140175,0.416396649,1.234619263,1.357972322
644,1.256377241,0.311119621,1.165626539,1.109655631,0.399184068,0.643070479,1.08771974
645,0.266022662,1.230243266,0.406787325,1.121721115,0.323647748,1.328802044,0.514777277
646,1.152216079,1.072183076,0.476443626,0.47855558,0.184331556,1.49405822,1.431340811
647,0.886196066,1.409550706,0.345004831,0.247898881,0.426630163,1.201270238,1.396591845
648,1.454089891,0.31606492,0.810796415,1.221254425,0.379932369,0.540445195,1.47605046
649,0.278941586,1.329277345,0.553240666,1.327048814,0.270804464,1.177712532,0.426087269
650,0.64457646,0.958931887,0.308972893,0.780576989,0.387544589,1.601539457,1.408564249
651,0.361986512,1.289371609,0.641143125,1.475556444,0.343202729,1.206289789,0.427457605
652,1.148252429,0.076430745,1.049849645,1.130087476,0.359552307,0.561587304,1.208287607
653,0.293375518,1.254071519,0.646531323,1.115332037,0.384081819,1.329177093,0.414230323
654,0.339330457,1.536682859,0.554685881,1.34606718,0.404077018,1.216087435,0.14320874
655,1.066909526,1.2333597,0.513300316,0.676609789,0.028300394,1.084309784,1.353412428
656,0.533088558,1.155197755,0.459100973,1.32961107,0.332949414,1.184917428,0.00538784
657,0.324032264,1.31043783,0.439400613,1.394292288,0.471771482,1.178770938,0.310564826
658,0.573699229,0.90400427,0.456433145,0.693177627,0.326678672,1.1636248,1.414561485
659,0.406817428,1.600810926,0.676653316,1.199783831,0.32689035,1.258401921,0.088447925
660,0.810922455,0.815420937,0.062593578,0.704601552,0.391286314,1.486759736,1.354040173
661,0.501688511,0.831177806,0.418326006,0.726439017,0.464877705,1.339620143,1.321626985
662,1.394137613,0.023012723,0.889046722,1.10773972,0.428739253,0.709889736,1.39610581
663,0.953546162,1.449129843,0.375904219,1.201486094,1.291449506,1.047247388,0.872401572
664,1.182504873,1.210268566,0.663957874,0.560410457,0.190775431,1.115843531,1.552017938
665,0.527882608,0.923660689,0.420792298,0.636035095,0.303900021,1.455528099,1.462411341
666,0.376134921,1.312488636,0.4706785,1.358763997,0.261635474,1.065367402,-0.001563493
667,0.693905284,1.347646691,0.649652853,0.982669265,0.024300241,0.812931436,0.608988281
668,1.111041389,0.24714549,1.040661029,1.254329337,0.451407734,0.335176174,1.595378875
669,0.329996291,0.653795524,0.788432219,0.649529987,1.213672827,0.276953949,0.705058844
670,0.640378428,0.966104909,0.533808594,0.841961747,0.411247874,1.407168252,1.233818879
671,0.633799145,0.937472195,0.391860287,0.946577192,0.241028015,1.187726576,1.294352355
672,1.13183241,0.23526032,0.99375405,1.016462224,0.557579808,0.342545994,1.332431465
673,0.728607898,1.382468347,0.594822677,1.061174233,-0.00141354,0.736484256,0.644161482
674,0.812852906,1.17663931,0.615370468,1.03517047,0.213806136,0.768487414,0.698455596
675,0.584035241,1.43791301,0.513852737,0.896060102,0.235937915,0.761667925,0.744379066
676,0.074747499,1.341087489,0.727372637,1.364514856,0.321160361,1.430976459,0.215247243
677,0.346236414,1.429612309,0.379582488,1.335209659,0.156742169,1.093726235,0.258630205
678,0.412677167,1.406569382,0.757745535,1.015748625,0.197831683,0.732101108,0.768613685
679,0.302450103,0.394615773,0.591237124,0.644330447,1.203867174,0.287225297,0.481353774
680,1.474719592,0.276373931,1.007668218,1.223033012,0.368472889,0.815358555,1.399676909
681,1.279723448,0.30678772,0.960655213,1.337541639,0.63360277,0.346453861,1.167799469
682,0.481206893,1.020714684,0.358660793,0.763173172,0.309336432,1.407211084,1.329620809
683,0.547300336,0.906168949,0.325691663,0.716305403,0.400289342,1.40699373,1.259617474
684,0.370241785,0.430305949,0.53976556,0.552505856,1.140399808,0.162179499,0.74651891
685,0.840305588,1.044207553,0.335974726,0.339593653,0.130812394,1.262053963,1.200750266
686,0.39975494,0.699640655,0.355081854,0.719452808,0.238806428,1.54466143,1.43190976
687,0.580274101,0.941268114,0.515593814,0.551045756,0.539033608,1.615230265,1.407821382
688,0.565225204,1.111366539,0.20869618,0.587737224,0.108107662,1.44966048,1.466125645
689,0.812732243,1.262079381,0.710033359,0.394271439,0.286085636,1.202539022,1.133503852
690,0.582423554,0.841342714,0.395516735,0.63105318,0.427667449,1.505685874,1.389157558
691,0.464459109,1.38328091,0.546596481,1.340195985,0.233339233,1.126710956,0.229929391
692,0.573262379,1.454644259,0.383201147,1.579901342,0.365299141,1.272414441,0.066466756
693,0.211037124,0.42442257,0.437728614,0.605471414,1.391176961,0.569299795,0.780398588
694,0.127751194,0.364612134,0.516150422,0.894687587,1.130133174,0.331321446,0.425626264
695,0.218052177,0.662109963,0.543679694,0.584803732,1.268220736,0.469639751,0.674102341
696,0.5554589,0.434550284,0.515018211,0.700221744,1.14261972,0.189793317,0.594805247
697,1.158137189,1.480938752,0.447928366,1.059278331,1.04454749,1.064231119,0.966281758
698,1.076102614,1.360931096,0.351948917,1.140986799,1.125666252,1.125460236,0.717793554
699,0.625567136,1.425807671,0.555694773,1.088692587,0.347845448,0.688097108,0.676291729
700,0.600393419,1.299789524,0.709320369,1.087166976,0.23763526,0.55858632,0.673980565
701,0.564200878,0.866851995,0.418724007,0.94114238,0.141979032,1.266588458,1.545266633
702,0.49264131,0.40254747,0.461636384,0.384454173,1.112728313,0.376828092,0.39904484
703,1.005105028,1.251264114,0.606006568,0.449360839,0.122245132,1.069544414,1.641762814
704,1.010020817,0.15559582,0.814063981,1.184334645,0.52679998,0.48929664,1.472419919
705,0.495994182,0.464798339,0.489269621,0.665644269,1.162892354,0.247570748,0.625753793
706,0.574218623,0.731594965,0.370969016,0.901409976,0.359405461,1.395341448,1.172007472
707,0.899339692,1.462940034,0.326462072,1.354374847,1.156858737,1.16670829,0.633809942
708,0.75877517,0.760524102,0.564293348,0.835223564,0.28133883,1.323639907,1.165081868
709,1.432397875,0.249982181,1.036468973,1.044222128,0.553727077,0.394216568,1.342481309
710,0.596526209,0.938646203,0.585072647,0.833905289,0.089958868,1.207209726,1.470311106
711,1.1594778,0.024310935,1.025800651,1.413756532,0.617789919,0.528398285,1.259814495
712,0.096289525,0.327981061,0.572783249,0.901323524,1.309729917,0.209010028,0.384279785
713,0.557458274,0.884763869,0.284848503,0.64651928,0.282968918,1.397979808,1.403780567
714,1.062867173,0.532656459,1.151577044,1.392213583,0.488573014,0.468467323,1.21899733
715,1.13453901,1.188004341,0.193429895,1.317961015,1.051340515,0.920327035,0.773117017
716,0.708029411,0.706991456,0.620248187,0.785674928,0.237533967,1.408830924,1.155141971
717,0.000563411,0.425801714,0.510591748,0.859812607,1.209460315,0.340972728,0.671703646
718,1.240273565,0.283738027,1.103428708,1.509775136,0.41062652,0.687823968,1.103478921
719,0.623008526,0.9302946,0.219217652,0.713427163,0.447848921,1.102559066,1.311213481
720,0.681387791,1.146890874,0.746812898,1.178719173,0.214175735,0.945748111,0.851201657
721,0.957413517,1.336365527,0.525230932,1.073907695,0.458147169,0.605088104,0.89841523
722,0.216390707,0.454432077,0.397306903,0.680153888,1.188993338,0.065944736,0.733411436
723,0.486234275,1.232980426,0.755998119,0.966460942,0.191495867,0.52228935,0.714842172
724,0.45911343,1.201510023,0.569414389,1.411126599,0.346770143,1.16286788,0.227337938
725,0.403609495,0.645572295,0.456479446,0.496219575,1.326567054,0.114522665,0.58801309
726,1.117911341,0.330646448,1.044408521,1.41095268,0.451739785,0.281971271,1.371008264
727,1.381209069,0.11098663,1.003533673,1.452510816,0.267476272,0.743724085,1.214492354
728,0.629061883,1.196102932,0.394271544,0.754153134,0.266409231,1.463863819,1.390274924
729,0.269252564,0.259939013,0.524777803,0.598990935,1.40633915,0.273208916,0.678414003
730,0.614373155,0.856267059,0.217260356,0.655772042,0.157559567,1.330666728,1.449196792
731,1.246881924,1.128020402,0.159589833,1.547611271,1.072484266,1.10886553,0.775720021
732,0.74676288,0.854496262,0.402621738,0.817294872,0.096381521,1.503284919,1.347334004
733,1.417258694,0.338839969,1.220240294,1.193753596,0.171292767,0.712192435,1.142504509
734,0.529634357,1.526860614,0.418073297,1.428411992,0.550310584,1.265441833,0.117892256
735,1.233471016,0.196195947,1.142218723,1.031443476,0.418849877,0.540505595,1.312574012
736,1.083143682,0.20853697,0.983608702,1.151922094,0.609412608,0.523454965,1.321788514
737,0.405686151,1.512629664,0.684110936,1.341992921,0.315121022,1.015271238,0.353240598
738,0.582248689,0.68891104,0.352504704,0.972593759,0.297104274,1.377936846,1.551278355
739,0.410219686,0.460167814,0.584482999,0.561671263,0.918916467,0.299487932,0.344755836
740,1.129966286,1.11806636,0.804022546,0.31485759,0.067690234,1.156712032,1.419201629
741,0.735672753,1.571942909,0.746483215,1.225905453,0.415592898,0.729945465,0.794455017
742,0.341360908,0.431572688,0.437045608,0.453289251,1.106700118,0.29398208,0.650211361
743,0.411874716,0.790728713,0.289573983,0.629178046,0.491116534,1.318499927,1.408744027
744,0.300460356,0.292298567,0.463252281,0.661482849,1.290171447,0.225037409,0.628304125
745,0.714446286,0.935129517,0.39060447,0.655437136,0.186087289,1.266877519,1.377465585
746,1.057436703,0.437068347,0.939904739,1.207395109,0.298319679,0.671789994,1.392181394
747,0.796745117,1.055467769,0.366687396,0.582891901,0.104179291,1.318756915,1.281123168
748,0.52061859,0.93117774,0.347138735,0.566544881,0.292973807,1.380573242,1.413956353
749,0.545938891,0.876132887,0.282057143,0.727842597,0.013743961,1.352775586,1.535978667
750,1.095362581,0.187221934,0.785627247,1.152288487,0.176195359,0.642081199,1.612898087
751,0.70248584,0.901988613,0.222754783,0.622714829,0.288996918,1.355082249,1.30570504
752,0.20985619,0.148600725,0.645319009,0.636242557,0.956189491,0.285001043,0.690789998
753,0.387109467,1.578884923,0.544737697,1.476696983,0.343714394,1.098048063,-0.00474037
754,0.529536036,0.405548036,0.470620186,0.570374571,1.119507832,0.386726747,0.706606923
755,0.324730585,0.467932367,0.816235759,0.610087418,1.215591862,0.434787515,0.809845584
756,0.478490961,0.796758468,0.329535176,0.842292372,0.280275865,1.310018356,1.404952206
757,0.565832061,0.841181043,0.510758868,0.637913488,0.219327915,1.331952008,1.22778213
758,0.57825182,1.406814068,0.345007653,1.095276352,0.332645391,0.955141621,0.325027325
759,1.210111685,0.172849511,1.113191628,1.423389211,0.305407777,0.731300945,1.338849773
760,0.745123692,1.314387469,0.455983456,0.955325014,0.178221989,0.814611447,0.846630889
761,1.348597233,0.17525223,0.771116616,1.169437098,0.441369763,0.554991758,1.317571294
762,1.388897416,0.307213505,1.224377198,1.008182522,0.19371323,0.55742762,1.143437394
763,0.512816526,0.954286641,0.325562129,0.705853764,0.244676227,1.437407706,1.384463673
764,0.55912019,0.851150007,0.18887539,0.867718697,0.001368621,1.306768818,1.363281876
765,1.238740482,0.459518422,0.91234299,1.028341685,0.422596806,0.510027988,1.146454754
766,1.290127195,0.004658558,1.039036974,1.436581102,0.420180203,0.627511277,1.482342768
767,0.35498854,1.504263698,0.29534001,1.424850557,0.329344082,1.175926902,0.195621879
768,0.608050385,0.909962774,0.26488864,0.490623368,0.265636062,1.383119886,1.355840746
769,0.711726905,1.182708178,0.700579803,1.10919524,0.159202691,0.941791766,0.715608733
770,1.118697661,1.165703131,0.547102171,0.389498888,0.195822036,1.394787251,1.328628112
771,0.633976673,1.028723959,0.262599528,0.620311445,0.124846183,1.442983508,1.401477575
772,1.256221013,1.229958251,0.617838803,0.548019645,0.085377905,1.456310367,1.189279031
773,0.798531635,0.94632658,0.402618441,0.791543932,0.151407435,1.363878541,1.424846492
774,0.079664316,1.424501542,0.486906361,1.447892979,0.355295065,1.136992195,0.404739355
775,0.482866384,1.477723811,0.582858388,1.193761055,0.586675402,1.310661219,0.034558448
776,1.278062897,0.048569784,0.965045435,1.116373356,0.401442834,0.606204712,1.269692676
777,0.746106113,0.718428821,0.54707224,0.715520832,0.219529659,1.225738814,1.300403633
778,0.502283543,0.728765832,0.650204397,0.719631524,0.297231714,1.62218584,1.620555035
779,0.561722532,0.686711758,0.55846542,0.65825043,0.396020697,1.313354365,1.253133403
780,1.166978107,0.164976615,0.991947124,1.318746009,0.473453498,0.551720009,1.168645829
781,0.530812623,1.441015384,0.726548885,1.395827235,0.528032435,1.063268275,0.137050795
782,1.056833605,1.221770214,0.733497754,0.542902186,0.440051704,1.041653559,1.273739933
783,0.598047197,0.865936491,0.127759251,0.98196022,0.139524917,1.241576904,1.359703961
784,0.664195069,1.009498614,0.318613691,0.8020104,0.306566995,1.458212718,1.510987594
785,1.238103677,0.227775717,1.058552177,1.277802071,0.381148928,0.310945233,1.351503363
786,1.082056459,1.407673406,0.102498702,1.373504202,1.055245786,0.990635944,0.880693149
787,1.18974983,0.185477161,1.1175827,1.222526592,0.620100092,0.363473716,1.514779338
788,1.075769872,0.251506185,0.882744034,1.318511584,0.39874472,0.733462831,1.139644499
789,1.178648644,0.249006423,0.93179187,1.309199195,0.463676267,0.712064223,1.44852885
790,0.557552362,0.983023611,0.392267772,0.756250897,0.271864724,1.415150836,1.109171886
791,0.385654529,0.9935227,0.360842042,0.685396718,0.505019688,1.27456164,1.348834756
792,0.279863748,0.437797165,0.361751444,0.848218585,1.162308792,0.394566644,0.65875794
793,1.074646345,1.676017158,0.525112656,1.502329419,0.959833275,1.100053216,0.759788304
794,0.540519896,0.895418251,0.182669907,0.939360961,0.291325383,1.242723976,1.577397842
795,0.559014383,0.755828921,0.580175941,0.691924622,0.084853349,1.318334758,1.241645862
796,0.610017502,1.113852426,0.675207266,1.471790216,0.320735735,0.971697087,0.24531744
797,1.128608425,1.292666287,0.20843299,1.058898293,1.375253253,0.84259442,0.753966543
798,0.255663407,1.217575459,0.375344178,1.303724167,0.331855363,1.372867167,0.446486185
799,0.100779089,1.169860165,0.480464732,1.226370253,0.207200003,1.278751212,0.196647042
800,0.489771436,1.034292459,0.381296476,0.737360998,0.277892562,1.309899438,1.36540612
801,0.320118917,1.388269267,0.575968004,1.186915801,0.320241808,1.238880955,0.357222497
802,0.116926378,1.359888365,0.273595168,1.511070684,0.329393264,1.2137943,0.503955781
803,1.014797079,1.417892871,0.238190292,1.386343324,1.160451341,1.200813684,0.825486892
804,0.460493291,0.90286187,0.376499423,0.669072373,0.200190363,1.130714306,1.402261741
805,1.422815359,0.296889444,1.197819538,1.366866833,0.427672661,0.475805704,1.195851329
806,1.092442864,1.369338738,0.279990871,1.121431974,1.105195517,0.952214225,0.810348687
807,0.424098394,0.944769934,0.364650324,0.744630071,0.232664703,1.068612604,1.462922849
808,0.321301834,1.455048796,0.530923724,1.518169949,0.158730689,1.370321939,0.322750006
809,0.958234891,0.039204045,1.137077531,1.459393303,0.298954823,0.812944985,1.406992425
810,1.093452579,0.273303191,1.268062402,1.28569492,0.43893836,0.267044027,1.460000426
811,0.927780202,1.174051063,0.611338067,0.259750436,0.283353652,1.489820886,1.390262121
812,0.994728889,0.19537386,1.076947882,1.109769335,0.475307183,0.616604645,1.329285716
813,0.606181804,1.076444663,0.394398638,0.614041874,0.374908348,1.341573183,1.102359483
814,0.501902317,0.914067427,0.368302981,0.678705732,0.310962532,1.117090832,1.299928136
815,1.35051019,1.555792606,0.50495264,1.368488596,1.066301228,1.055734453,0.812124307
816,1.121751881,0.263770127,1.280903452,1.234974317,0.464630042,0.723069215,1.379657018
817,0.764421752,1.485665398,0.61935164,1.113993104,0.142917338,0.510140767,0.864407172
818,1.377706005,0.25086291,0.95312946,1.219060746,0.511277955,0.548756232,1.220409182
819,0.326212545,1.106883275,0.3491445,1.370094751,0.435260381,1.319679008,0.118646255
820,0.972212457,1.224412489,0.448003179,0.163666444,0.109759057,1.075742349,1.383572238
821,0.423291889,1.320729302,0.655105064,0.927423922,0.130715543,0.748110717,0.704555876
822,1.257807978,0.307364351,1.224156335,1.102373861,0.536232096,0.55963322,1.190880122
823,1.186432227,1.325003654,0.845616074,0.342069704,0.207367677,1.526416901,1.255938165
824,1.102664893,1.303692338,0.417428339,0.325325262,0.213336078,1.450832437,1.210235623
825,0.395611888,1.276476031,0.7310742,1.52921593,0.261767904,1.172513206,0.262584716
826,1.216229615,0.180824387,1.193731864,1.233077717,0.208368647,0.564345187,1.135354906
827,1.430659202,0.45245392,0.785060166,1.386892202,0.48127156,0.489584994,1.320839306
828,1.149087242,0.386659046,1.034795899,1.010291321,0.49637888,0.321020331,1.466163981
829,0.266297496,1.588247339,0.565080622,1.446109632,0.225596773,1.169139838,0.320398629
830,0.224217092,0.43539324,0.549724404,0.500516801,1.350604184,0.301603633,0.609529811
831,1.27171879,1.368633019,0.271975052,1.333958451,0.971387151,0.763403155,0.993201457
832,0.748955643,0.901456742,0.263578058,0.759610767,0.196670322,1.245659043,1.116385808
833,1.12324239,1.191508687,0.829025729,0.429454809,-0.028494207,1.212449334,1.299618582
834,0.832720863,1.117469541,0.410412322,0.263823726,0.269046515,1.308370794,1.435531355
835,0.568682517,1.118661542,0.343421788,1.359290036,0.330346604,1.292308861,0.049431689
836,0.793832591,1.405639201,0.906591224,1.263102873,0.09296151,0.648714509,0.956459036
837,1.216751188,0.336424035,1.044719905,1.361132692,0.717256386,0.56170414,1.090770999
838,0.361061295,0.899944055,0.450718244,0.954485425,0.214038541,1.158768902,1.248527774
839,1.14394216,1.444542536,0.185304162,1.161100246,1.003172396,0.95702639,0.720715582
840,0.710551655,1.424220253,0.472725341,1.179882453,0.43022849,0.733211498,0.939762621
841,1.153481455,0.175305451,1.17566576,1.190485086,0.446075746,0.683935879,1.476135691
842,1.24870469,1.337099401,0.251667201,1.548179192,0.92315777,0.988108608,0.852786738
843,1.225029406,0.363134037,1.286743936,1.269437965,0.239357184,0.612884064,1.407502484
844,0.318224546,0.46064633,0.447111131,0.799887614,1.131999779,0.224224834,0.53041758
845,1.39081455,0.269889982,1.11487153,1.502988001,0.435649759,0.550865854,1.275394423
846,1.172357356,1.559930692,0.378569445,1.166013669,0.984219672,1.174627227,1.052238811
847,0.844281845,0.973618819,0.421683901,0.705212241,0.19056889,1.249454994,1.316696755
848,0.391726698,0.36613414,0.515773729,0.580415246,0.993138079,0.328228501,0.620525828
849,0.471910326,1.328845573,0.311780739,1.317282117,0.088683007,1.206886182,0.315936126
850,0.603688721,1.092020362,0.27026398,0.767398215,0.270271242,1.341745084,1.266405543
851,0.563978844,0.952357208,0.383039126,0.723862443,0.413280678,1.337514792,1.378070614
852,0.998766067,1.155170061,0.43611203,0.327503056,0.068556377,1.374577736,1.434302463
853,0.989313275,1.404759031,0.265737907,0.397819745,0.321371457,1.309453313,1.605519077
854,1.294247375,0.407372415,1.115737434,1.262711568,0.401342683,0.568228711,1.34588381
855,1.208205183,1.583613654,0.287969935,1.290930932,1.0438001,1.195575326,0.659392652
856,0.677824254,0.764831271,0.578954353,0.63099094,0.298390831,1.329050359,1.278082155
857,0.937182486,1.21654269,0.536355013,0.313084061,0.134624452,1.288474544,1.301634591
858,0.471895882,1.311734496,0.424499872,1.467643976,0.328383164,1.215623161,0.12729849
859,0.636405172,1.393352926,0.861659065,0.879061061,0.285588562,1.032123687,0.80890572
860,0.587581604,0.889685386,0.405568551,0.627705354,0.038056876,1.445479457,1.16478035
861,0.984771923,1.64906074,0.472673315,1.281071637,1.03544897,0.901747713,1.03148859
862,1.231370543,1.37666122,0.27825834,1.137777244,1.16885377,1.194751493,0.586107515
863,0.439470126,1.070864663,0.33115175,1.575350202,0.268751648,1.253216639,0.212500339
864,0.202056773,0.422419486,0.676404628,0.576525678,1.133974424,0.341859264,0.517801393
865,0.275626529,0.392326357,0.367755167,0.790717644,1.274406658,0.250192186,0.476469507
866,0.977937272,1.52690516,0.516720795,1.53757155,0.975481303,0.809989686,0.847603619
867,0.657266291,0.791680779,0.325428409,0.658581159,0.218810668,1.45607053,1.444686813
868,0.55441789,1.165763891,0.602100538,0.733754166,0.258470338,1.250949613,1.515670902
869,0.576711378,1.105229161,0.376812074,0.758061954,0.393493782,1.342204904,1.40486814
870,0.253923207,0.373422438,0.521831575,0.45499772,1.097589908,0.079641179,0.568766157
871,1.249221318,0.157787428,1.253475127,1.286462256,0.366870543,0.559597177,1.576245684
872,1.158296552,1.349659913,0.057712779,1.337085695,1.251756033,1.138785529,0.778536654
873,1.204082638,1.142426721,0.521700809,0.472400299,0.057804356,1.170286199,1.670673567
874,1.337402664,0.260428368,1.036454162,1.2331369,0.423074866,0.378659061,1.389161824
875,0.845290167,1.315995843,0.445006547,0.227443746,0.048639161,1.253768107,1.459982347
876,0.542384244,1.409562531,0.668675514,1.38739105,0.13763734,1.341417442,0.240598458
877,0.767694297,0.909589807,0.457965059,0.857104661,0.043463042,1.587615224,1.094273847
878,1.108424931,1.201951154,0.604340309,0.42067141,0.16911476,1.453092007,1.432532786
879,0.980794935,1.246033639,0.501424094,0.283338918,0.047938881,1.25173627,1.408602528
880,0.33918629,1.317484883,0.430650764,1.220548374,0.353355214,1.268911936,0.193289003
881,0.623927398,1.415873501,0.912084071,0.829501109,0.210008828,0.624039489,0.781757952
882,0.506273611,1.522176669,0.869283735,0.785400779,0.14807461,0.590425463,0.887910775
883,1.183423524,0.242578427,1.019618526,1.334544721,0.561035724,0.488224311,1.379477933
884,0.669974795,0.999291041,0.324372894,0.985614845,0.199877295,1.391411035,1.357058294
885,0.407705558,0.519452463,0.817166313,0.774504961,1.137816126,0.339368974,0.568666668
886,0.499572102,0.960365283,0.37167204,0.564591829,0.239011349,1.333777934,1.335734639
887,1.053545183,1.138745763,0.434589293,0.33675208,0.11358294,1.253412054,1.589491511
888,0.604695452,1.194020429,0.218363489,0.74368768,0.46811909,1.449605144,1.19893133
889,1.344667002,0.155744037,1.093528285,1.184176662,0.468397413,0.383242695,1.385157146
890,0.417269363,1.496996426,0.67643257,1.629213771,0.285773741,0.932111098,0.240703468
891,0.256719318,0.420855249,0.547934635,0.443859522,1.183326537,0.311055573,0.448547335
892,0.455964278,1.361618368,0.687648136,1.048836783,0.374540888,0.667733069,0.719469492
893,1.30351352,1.210255422,0.285304189,1.244021501,1.289474727,0.894745403,0.812485142
894,1.404079757,0.304682921,1.20238472,1.271456604,0.436904827,0.531725414,1.238134167
895,0.624465133,1.084879982,0.530939906,0.613645707,0.203723175,1.219581091,1.339487325
896,1.204936456,0.181367738,1.198218895,1.195635699,0.336837691,0.630137068,1.08556695
897,0.298100695,1.312646717,0.796049841,1.266154718,0.387928398,1.159574776,0.141384559
898,0.293982494,1.412289487,0.58011947,1.507892478,0.419971501,1.339293445,0.024893741
899,0.609109812,1.122002805,0.30121853,0.810971705,0.369557613,1.288703672,1.528073277
900,0.947914169,1.515391577,0.563512073,0.620995915,0.200275889,1.300534865,1.378528886
901,0.422876842,0.999588952,0.587697418,0.724169538,0.268267797,1.253171597,1.367534903
902,0.11801246,1.47299505,0.395722581,1.400486786,0.215333458,1.307854479,0.389350848
903,1.178276598,0.375022596,1.03944019,1.447531353,0.388098715,0.378971286,1.513631331
904,0.594907634,1.183582163,0.253547482,0.739001501,0.46124103,1.304372268,1.453190286
905,1.242774073,0.278929711,1.024718582,1.13307331,0.40480604,0.532845535,1.594195652
906,0.787997014,1.219868248,0.603900051,0.397989074,0.189032499,1.212857193,1.487083982
907,0.591273913,1.034874085,0.332063736,0.738436259,0.221012135,1.589390456,1.345063508
908,0.588272189,1.37255122,0.783496353,1.044998,0.131422602,0.769601258,0.650109804
909,0.389251399,1.274826186,0.528650707,1.481023391,0.050825818,1.163052387,0.167926332
910,0.750939389,0.889020014,0.571311339,0.888250521,0.132437008,1.377915752,1.285236662
911,0.462856163,0.67937386,0.152746417,0.745317763,0.489320625,1.258289659,1.224047128
912,0.574477882,0.959879979,0.354040449,0.663492529,0.199050444,1.333367549,1.496095056
913,0.369234542,0.427919014,0.500772198,0.773037504,1.431944,0.410137908,0.601354121
914,0.740352189,1.538291813,0.656476892,1.160172405,0.145249955,0.487091243,0.548702891
915,1.285022334,0.048496074,1.14153491,1.283827301,0.473904229,0.607634057,1.212411341
916,0.378490431,0.924264178,0.185097949,0.897384111,0.448351608,1.605618874,1.221664117
917,0.255381396,1.215912413,0.688533424,1.528762972,0.313460513,1.256356841,0.292071461
918,1.193039422,0.302409591,0.999095815,1.071084211,0.442722686,0.532085064,1.149583292
919,0.4117779,1.342894031,0.4247275,1.408910247,0.338809719,0.952550839,0.270313404
920,1.353890854,0.337186551,1.185917967,1.209492562,0.439936255,0.539384193,1.123498255
921,0.583356556,1.167393172,0.406959781,0.743077757,0.305459426,1.474247958,1.400597754
922,0.392436187,1.099412023,0.550113853,1.114191709,0.417188581,1.11028517,0.387485944
923,0.599076995,1.274513013,0.776764996,1.080074291,0.136068496,0.755171702,0.783767294
924,1.014538869,0.147173212,0.954621728,1.027380151,0.299088934,0.492596234,1.286384632
925,0.533575993,0.970782496,0.410467626,0.5194242,0.137878381,1.409532335,1.634934402
926,0.240350143,1.289229845,0.623008153,1.353980047,0.254176944,1.311840625,0.320054552
927,1.172022493,0.225975387,1.203808395,1.173870267,0.275640369,0.594647461,1.326136212
928,1.219643928,0.259996393,1.091430214,1.473615582,0.195336568,0.703569279,1.312634477
929,1.252683131,1.385667958,0.399033886,1.164138842,1.162536858,0.993594662,0.966046674
930,1.19085564,0.217992634,1.305448813,1.13026478,0.244985025,0.76574049,1.155066492
931,0.350744995,1.075570081,0.348076185,0.916479489,0.488297494,1.298346539,1.077039039
932,1.092103763,0.250609743,1.158695673,1.285581661,0.459789105,0.771788587,1.629485542
933,0.444091582,0.940799503,0.065486821,0.589782006,0.288227657,1.204556942,1.254196263
934,0.946640814,0.199598955,1.036223668,1.311804172,0.473053501,0.4690352,1.228595129
935,0.326429314,1.322941806,0.324094068,1.156333994,0.354462727,1.440640669,0.322552986
936,1.280727179,0.169784282,0.996509746,1.400218541,0.326213929,0.571565674,1.173106281
937,1.178495433,1.212575261,0.560824371,0.985104375,1.006053148,1.109615534,0.775419474
938,1.109807282,1.384313241,0.415000788,1.199226345,0.835540006,1.045366566,0.726999486
939,1.171688253,1.36937144,0.463323632,0.218855071,0.169969205,1.059469144,1.388782745
940,1.312741057,0.258817104,0.798608631,1.222730736,0.265080059,0.546925908,1.273542614
941,1.277733758,0.45749956,0.898350883,1.181230044,0.456453438,0.512680423,1.331623853
942,1.224513507,1.221923209,0.560543115,0.349218793,0.111284083,1.251126805,1.1713086
943,0.351655627,1.057230469,0.403649826,0.882194149,0.282337733,1.522851348,1.319658743
944,1.003045487,0.524600052,0.939921732,1.46966448,0.553416907,0.572220257,1.300087626
945,0.689661139,1.675882749,0.478771573,0.846625554,0.207841404,0.823227512,0.889366758
946,0.429102782,1.387406206,0.471874715,1.348375702,0.330801019,1.224596849,0.466874117
947,0.966868041,1.272757368,0.751447659,0.3930189,0.177219771,1.357088378,1.434538244
948,0.192242794,0.602365131,0.432599554,0.636201137,1.254167807,0.298820233,0.718410242
949,0.201991434,1.370712124,0.525339734,1.178974413,0.196164812,1.197128964,0.311080833
950,1.083241592,1.282532466,0.582848264,0.35887908,0.062281314,1.282603531,1.421912033
951,1.181994687,1.261478087,0.515322007,0.530858932,0.085221391,1.236702606,1.273215705
952,0.1479202,0.336254516,0.478168835,0.719624147,0.935130763,0.185423335,0.414932563
953,0.347197673,0.972423383,0.554965728,0.681832793,0.103109023,1.33325733,1.204234832
954,1.427961696,0.285749002,1.083536957,1.284256969,0.47101088,0.737227066,1.250429643
955,0.861527436,1.664947205,0.38995463,1.118513795,1.173369324,0.960544114,0.908775957
956,0.384839382,0.340354586,0.463902555,0.534393114,1.258233576,0.467001684,0.494155805
957,0.931165315,1.343467002,0.583291989,0.551104746,0.175544869,1.126226572,1.432975449
958,0.37192471,0.901363412,0.35237684,0.647940145,0.429535806,1.552433479,1.496199735
959,1.212383318,1.189391999,0.526338259,0.411470055,0.020261744,1.108046463,1.449470862
960,0.290636893,1.138591025,0.695068819,1.363735395,0.428505704,1.428415762,0.128567901
961,0.456922364,0.251390667,0.596874863,0.385919055,1.313473641,0.119450632,0.467719962
962,0.541216157,1.028703931,0.25185804,0.867504965,0.266284979,1.165236637,1.328359543
963,1.18028092,0.251030736,0.900565659,1.05312093,0.496542908,0.66775909,1.452489172
964,0.855575115,1.531611167,0.27819674,1.279949332,1.128673689,1.194198721,1.059102917
965,1.036913983,0.185553592,1.09878946,1.214337409,0.520567988,0.526398257,1.262339448
966,1.202962241,-0.007808162,1.053940074,1.261288146,0.541060641,0.671141516,1.131628159
967,0.298858674,1.309849013,0.765162259,1.492741644,0.147569256,1.206972491,0.245976551
968,0.406653954,1.35768014,0.485313378,1.295192329,0.334024518,1.102307378,0.3672494
969,1.157783227,0.319443185,0.930045346,1.218748977,0.427534909,0.658647224,1.354714771
970,0.425754302,1.15023106,0.77940178,1.326107545,0.336726973,1.143967152,-0.03469493
971,0.539891141,1.699055091,0.910992172,1.138189447,0.215026428,0.524103512,0.939183303
972,0.455111199,1.127174722,0.395065725,0.567139855,0.016501106,1.39207424,1.312496409
973,0.416487487,1.182409245,0.585942444,1.377910978,0.180596814,1.098519413,0.336317447
974,0.85762442,1.337608056,0.66032288,1.02065193,-0.024209577,0.623605562,1.031411571
975,1.187430904,0.505903753,1.078943685,1.321549675,0.38646257,0.692303956,1.333345298
976,0.558442482,0.772002866,0.376533879,0.778313987,0.269820186,1.101936437,1.644722378
977,1.093329402,1.448016339,0.100761254,1.266267136,1.16085396,1.250804945,0.811722558
978,1.166726509,1.43063545,0.274290404,1.109674696,0.998489929,0.764290986,1.04457767
979,1.296863435,0.067764251,0.924011169,1.208804829,0.296002788,0.491879982,1.346176115
980,0.280218145,1.41044097,0.73728122,1.300697933,0.181353852,1.188685813,0.320271554
981,1.312284464,0.296272433,1.114001883,1.27556462,0.489776841,0.451677816,1.390514033
982,1.104612394,0.171418422,1.134690985,1.151620599,0.511774089,0.453223099,1.349295734
983,0.583695393,1.363408485,0.275162271,1.408400159,0.37576345,1.180933794,0.2465768
984,0.299143785,1.128608539,0.518952792,1.291382748,0.317843153,1.201474371,0.343190263
985,0.552447983,1.493077269,0.617669353,1.105503372,0.256617199,0.867530547,0.848806418
986,0.38595221,0.990932253,0.332754313,0.512485754,0.27321988,1.290132625,1.169639829
987,0.574214558,1.336022744,0.518897643,1.329409974,0.452304042,0.975957282,0.067824886
988,1.32476583,1.59602243,0.207617452,1.368058697,1.088778232,0.971594186,1.085966037
989,1.360725171,0.267081365,1.018736017,1.202698686,0.471942529,0.405801177,1.242644552
990,1.386622684,0.328285686,1.089078169,1.083328355,0.222800807,0.265422492,1.185161341
991,1.085742436,0.100020062,0.890343028,1.223574392,0.653505523,0.477414653,1.539835809
992,0.313124129,0.442176413,0.529170854,0.687523839,1.126402801,0.479645393,0.390155685
993,1.083693066,1.505605841,0.449276526,0.368293404,-0.004063259,1.514301226,1.300362962
994,1.000631904,0.512777809,0.956228222,1.203917974,0.344626646,0.478356041,1.552262403
995,0.468674672,1.215558819,0.5117318,1.387473383,0.444813651,1.066530995,0.194876865
996,0.789570869,1.344770858,0.515030825,1.019526554,0.254272891,0.805108103,0.633952405
997,0.57006457,1.476180241,0.975592488,1.31324709,0.209279364,0.656803022,0.556504561
998,0.570152783,0.923554922,0.553010605,0.965518069,0.31554101,1.06354155,1.372265768
999,0.380537477,1.147199252,0.728809472,1.582003927,0.406921111,1.418957645,0.259554374
1000,0.300522356,1.551792329,0.462905965,1.409378675,0.296516592,1.396577967,0.242584464
1001,0.831610344,0.910928885,0.410232226,0.718891441,0.265916523,1.369411046,1.428001268
1002,0.975753944,0.418283824,0.856582473,1.232477741,0.348007925,0.63426945,1.468302464
1003,0.330428703,1.156129214,0.495950709,1.579417614,0.31349174,1.206088793,0.434359669
1004,0.499706169,1.361878387,0.87902419,1.161059623,0.156404007,0.938397323,0.658776519
1005,0.575462373,1.113215663,0.341287479,0.714184953,0.462491517,1.334731359,1.414895911
1006,1.267264335,0.145938717,1.008953718,1.207906224,0.541980631,0.525526061,1.233078467
1007,0.134307665,1.090034605,0.443746321,1.514046254,0.26438608,0.974983443,0.19215917
1008,1.216909968,0.157879022,1.101222285,1.158927404,0.325748499,0.60020751,1.357432972
1009,0.969315883,0.503344922,0.80874331,1.236937075,0.463748704,0.618661031,1.498183305
1010,0.581923828,0.714422858,0.556002566,0.695537749,0.255388137,1.4205684,1.305539296
1011,1.360569003,0.224421881,1.044519443,1.06773678,0.547160765,0.768273954,1.618359447
1012,0.47051992,0.249560839,0.337423675,0.678852125,1.138711984,0.328098203,0.742959359
1013,0.988449465,1.379329995,0.611772457,0.332345967,0.291951042,1.292674502,1.523849496
1014,0.302975108,0.869199939,0.290670429,0.822800981,0.540841781,1.198252565,1.362649668
1015,1.184235464,0.300496873,1.016237903,0.989545865,0.429564067,0.629265318,1.416913216
1016,1.033923551,0.04273934,1.180738443,1.196965117,0.207458604,0.280337653,1.49720411
1017,0.309811714,1.535952283,0.537537876,1.126756108,0.50568942,1.111406787,0.533476962
1018,0.486296314,0.779869128,0.118796454,0.84928969,0.437840452,1.3404943,1.405654969
1019,0.323311745,0.345436646,0.411874291,0.620290981,1.150041199,0.389164848,0.582771509
1020,0.190611967,0.645300704,0.626276179,0.556608511,1.204721852,0.245696387,0.693271126
1021,0.583037575,1.09056515,0.359445707,0.562269202,0.339478835,1.206541616,1.480276198
1022,0.282568295,0.38326418,0.376576129,0.349398,1.037432962,0.199179439,0.725664152
1023,0.464630537,1.065600465,0.437823072,0.724802789,0.113822216,1.102425319,1.271455463
1024,0.998982502,1.60224387,0.198441028,1.336601544,1.334927076,1.325530273,0.758730876
1025,0.42858311,0.84972527,0.36195631,0.694498508,0.289967377,1.171178537,1.348400728
1026,0.416313901,1.239207236,0.729904751,1.342064012,0.542412024,1.155882112,0.15270048
1027,0.345160409,1.247873954,0.347776022,1.3620806,0.125694663,1.107678945,0.245349279
